Store URL;Category;Product URL;Name;Image URL;Large Image URL;Price;Original Price
https://sbermarket.ru/metro/c/priedlozhieniia;;https://sbermarket.ru/metro/vodka-mamont-700-ml-8aba33c?sid=1;Водка Mamont 700 мл;https://sbermarket.ru/_next/static/media/adult-warning-ca7fc32e.svg;;Цена со скидкой за 1 шт.1 469,00 ₽;Цена без скидки за 1 шт.1 679,00 ₽
https://sbermarket.ru/metro/c/priedlozhieniia;;https://sbermarket.ru/metro/vino-mucho-mas-tempranillo-krasnoe-suhoe-750-ml-ispaniya-92732a2?sid=1;Вино Mucho Mas Tempranillo красное сухое 750 мл Испания;https://sbermarket.ru/_next/static/media/adult-warning-ca7fc32e.svg;;Цена со скидкой за 1 шт.899,00 ₽;Цена без скидки за 1 шт.999,00 ₽
https://sbermarket.ru/metro/c/priedlozhieniia;;https://sbermarket.ru/metro/vino-igristoe-mondoro-beloe-sladkoe-750-ml-italiya-93ed2c3?sid=1;Вино игристое Mondoro белое сладкое 750 мл Италия;https://sbermarket.ru/_next/static/media/adult-warning-ca7fc32e.svg;;Цена со скидкой за 1 шт.1 199,02 ₽;Цена без скидки за 1 шт.1 699,00 ₽
https://sbermarket.ru/metro/c/priedlozhieniia;;https://sbermarket.ru/metro/vinogradosoderzhaschiy-napitok-martini-fiero-krasnyy-sladkiy-1-l-italiya-tonik-rich-330-ml-h-2-sht-8292438?sid=1;Виноградосодержащий напиток Martini Fiero красный сладкий 1...;https://sbermarket.ru/_next/static/media/adult-warning-ca7fc32e.svg;;Цена со скидкой за 1 шт.1 199,00 ₽;Цена без скидки за 1 шт.1 679,00 ₽
https://sbermarket.ru/metro/c/priedlozhieniia;;https://sbermarket.ru/metro/pivo-krusovice-svetloe-fil-trovannoe-pasterizovannoe-430-ml-5a4cd5a?sid=1;Пиво Krusovice светлое фильтрованное пастеризованное 430 мл;https://sbermarket.ru/_next/static/media/adult-warning-ca7fc32e.svg;;Цена со скидкой за 1 шт.59,90 ₽;Цена без скидки за 1 шт.73,90 ₽
https://sbermarket.ru/metro/c/priedlozhieniia;;https://sbermarket.ru/metro/sidr-bon-season-yablochnyy-belyy-sladkiy-430-ml-rossiya-4d13313?sid=1;Сидр Bon Season яблочный белый сладкий 430 мл Россия;https://sbermarket.ru/_next/static/media/adult-warning-ca7fc32e.svg;;Цена со скидкой за 1 шт.69,90 ₽;Цена без скидки за 1 шт.89,90 ₽
https://sbermarket.ru/metro/c/priedlozhieniia;;https://sbermarket.ru/metro/goroshek-heinz-zelenyy-400-g-2539913?sid=1;Горошек Heinz зеленый 400 г;https://imgproxy.sbermarket.ru/imgproxy/size-220-220/czM6Ly9jb250ZW50LWltYWdlcy1wcm9kL3Byb2R1Y3RzLzE2NTYzOTUxL29yaWdpbmFsLzEvMjAyMy0xMS0zMFQxOCUzQTQ4JTNBNDUuNjM1Nzg4JTJCMDAlM0EwMC8xNjU2Mzk1MV8xLmpwZw==.jpg;https://imgproxy.sbermarket.ru/imgproxy/size-220-220-2x/czM6Ly9jb250ZW50LWltYWdlcy1wcm9kL3Byb2R1Y3RzLzE2NTYzOTUxL29yaWdpbmFsLzEvMjAyMy0xMS0zMFQxOCUzQTQ4JTNBNDUuNjM1Nzg4JTJCMDAlM0EwMC8xNjU2Mzk1MV8xLmpwZw==.jpg;Цена со скидкой за 1 шт.109,00 ₽;Цена без скидки за 1 шт.129,00 ₽
https://sbermarket.ru/metro/c/priedlozhieniia;;https://sbermarket.ru/metro/drazhe-m-m-s-s-arahisom-i-molochnym-shokoladom-80-g?sid=1;Драже M&M's с арахисом и молочным шоколадом 80 г;https://imgproxy.sbermarket.ru/imgproxy/size-220-220/czM6Ly9jb250ZW50LWltYWdlcy1wcm9kL3Byb2R1Y3RzLzE1MDYxMDkwL29yaWdpbmFsLzEvMjAyMy0xMS0zMFQxOCUzQTM3JTNBNDEuNzI5Nzk1JTJCMDAlM0EwMC8xNTA2MTA5MF8xLmpwZw==.jpg;https://imgproxy.sbermarket.ru/imgproxy/size-220-220-2x/czM6Ly9jb250ZW50LWltYWdlcy1wcm9kL3Byb2R1Y3RzLzE1MDYxMDkwL29yaWdpbmFsLzEvMjAyMy0xMS0zMFQxOCUzQTM3JTNBNDEuNzI5Nzk1JTJCMDAlM0EwMC8xNTA2MTA5MF8xLmpwZw==.jpg;Цена со скидкой за 1 шт.114,00 ₽;Цена без скидки за 1 шт.120,00 ₽
https://sbermarket.ru/metro/c/priedlozhieniia;;https://sbermarket.ru/metro/moloko-3-5-ul-trapasterizovannoe-1-l-parmalat-bzmzh-70f79c0?sid=1;Молоко 3,5% ультрапастеризованное 1 л Parmalat БЗМЖ;https://imgproxy.sbermarket.ru/imgproxy/size-220-220/czM6Ly9jb250ZW50LWltYWdlcy1wcm9kL3Byb2R1Y3RzLzE5NjUyNzMwL29yaWdpbmFsLzEvMjAyMy0xMS0yOFQxNyUzQTUwJTNBNTMuMTE2ODM5JTJCMDAlM0EwMC8xOTY1MjczMF8xLmpwZw==.jpg;https://imgproxy.sbermarket.ru/imgproxy/size-220-220-2x/czM6Ly9jb250ZW50LWltYWdlcy1wcm9kL3Byb2R1Y3RzLzE5NjUyNzMwL29yaWdpbmFsLzEvMjAyMy0xMS0yOFQxNyUzQTUwJTNBNTMuMTE2ODM5JTJCMDAlM0EwMC8xOTY1MjczMF8xLmpwZw==.jpg;Цена со скидкой за 1 шт.109,00 ₽;Цена без скидки за 1 шт.116,00 ₽
https://sbermarket.ru/metro/c/priedlozhieniia;;https://sbermarket.ru/metro/naggetsy-kurinye-miratorg-klassicheskie-zamorozhennye-300-g-eef7eea?sid=1;Наггетсы куриные Мираторг Классические замороженные 300 г;https://imgproxy.sbermarket.ru/imgproxy/size-220-220/czM6Ly9jb250ZW50LWltYWdlcy1wcm9kL3Byb2R1Y3RzLzE3MDk1L29yaWdpbmFsLzEvMjAyNC0wMi0wN1QxOSUzQTE3JTNBMDYuNjU0Mjg5JTJCMDAlM0EwMC8xNzA5NV8xLnBuZw==.png;https://imgproxy.sbermarket.ru/imgproxy/size-220-220-2x/czM6Ly9jb250ZW50LWltYWdlcy1wcm9kL3Byb2R1Y3RzLzE3MDk1L29yaWdpbmFsLzEvMjAyNC0wMi0wN1QxOSUzQTE3JTNBMDYuNjU0Mjg5JTJCMDAlM0EwMC8xNzA5NV8xLnBuZw==.png;Цена со скидкой за 1 шт.139,00 ₽;Цена без скидки за 1 шт.159,01 ₽
https://sbermarket.ru/metro/c/priedlozhieniia;;https://sbermarket.ru/metro/desert-chudo-klubnika-zemlyanika-tvorozhnyy-vzbityy-4-bzmzh-100-g-9f2fefc?sid=1;Десерт Чудо клубника-земляника творожный взбитый 4% БЗМЖ...;https://imgproxy.sbermarket.ru/imgproxy/size-220-220/czM6Ly9jb250ZW50LWltYWdlcy1wcm9kL3Byb2R1Y3RzLzE2MzQ3L29yaWdpbmFsLzEvMjAyNC0wMi0wNlQwNyUzQTIxJTNBMDEuOTQ5OTgzJTJCMDAlM0EwMC8xNjM0N18xLmpwZw==.jpg;https://imgproxy.sbermarket.ru/imgproxy/size-220-220-2x/czM6Ly9jb250ZW50LWltYWdlcy1wcm9kL3Byb2R1Y3RzLzE2MzQ3L29yaWdpbmFsLzEvMjAyNC0wMi0wNlQwNyUzQTIxJTNBMDEuOTQ5OTgzJTJCMDAlM0EwMC8xNjM0N18xLmpwZw==.jpg;Цена со скидкой за 1 шт.56,91 ₽;Цена без скидки за 1 шт.59,90 ₽
https://sbermarket.ru/metro/c/priedlozhieniia;;https://sbermarket.ru/metro/lapsha-big-bon-wok-s-kuritsey-i-sousom-teriyaki-bystrogo-prigotovleniya-85-g-c21f28d?sid=1;Лапша Big Bon Wok с курицей и соусом терияки быстрого...;https://imgproxy.sbermarket.ru/imgproxy/size-220-220/czM6Ly9jb250ZW50LWltYWdlcy1wcm9kL3Byb2R1Y3RzLzE4MDU3NDcwL29yaWdpbmFsLzEvMjAyMy0xMS0yOFQxNyUzQTQzJTNBMTUuNjI4ODA2JTJCMDAlM0EwMC8xODA1NzQ3MF8xLmpwZw==.jpg;https://imgproxy.sbermarket.ru/imgproxy/size-220-220-2x/czM6Ly9jb250ZW50LWltYWdlcy1wcm9kL3Byb2R1Y3RzLzE4MDU3NDcwL29yaWdpbmFsLzEvMjAyMy0xMS0yOFQxNyUzQTQzJTNBMTUuNjI4ODA2JTJCMDAlM0EwMC8xODA1NzQ3MF8xLmpwZw==.jpg;Цена со скидкой за 1 шт.47,41 ₽;Цена без скидки за 1 шт.68,90 ₽
https://sbermarket.ru/metro/c/priedlozhieniia;;https://sbermarket.ru/metro/voda-pitievaya-mineral-naya-arhyz-negazirovannaya-lechebno-stolovaya-500-ml-6b6f425?sid=1;Вода питьевая минеральная Архыз негазированная...;https://imgproxy.sbermarket.ru/imgproxy/size-220-220/czM6Ly9jb250ZW50LWltYWdlcy1wcm9kL3Byb2R1Y3RzLzYwMDQzL29yaWdpbmFsLzEvMjAyMy0xMS0yNFQxNiUzQTM5JTNBMzUuNDE5NDU2JTJCMDAlM0EwMC82MDA0M18xLmpwZw==.jpg;https://imgproxy.sbermarket.ru/imgproxy/size-220-220-2x/czM6Ly9jb250ZW50LWltYWdlcy1wcm9kL3Byb2R1Y3RzLzYwMDQzL29yaWdpbmFsLzEvMjAyMy0xMS0yNFQxNiUzQTM5JTNBMzUuNDE5NDU2JTJCMDAlM0EwMC82MDA0M18xLmpwZw==.jpg;Цена со скидкой за 1 шт.36,57 ₽;Цена без скидки за 1 шт.38,49 ₽
https://sbermarket.ru/metro/c/priedlozhieniia;;https://sbermarket.ru/metro/mayonez-sloboda-olivkovyy-67-400-ml-aa010fb?sid=1;Майонез Слобода Оливковый 67% 400 мл;https://imgproxy.sbermarket.ru/imgproxy/size-220-220/czM6Ly9jb250ZW50LWltYWdlcy1wcm9kL3Byb2R1Y3RzLzEwODcyL29yaWdpbmFsLzEvMjAyMy0xMS0yNFQxNiUzQTUwJTNBMDYuOTg3MzExJTJCMDAlM0EwMC8xMDg3Ml8xLmpwZw==.jpg;https://imgproxy.sbermarket.ru/imgproxy/size-220-220-2x/czM6Ly9jb250ZW50LWltYWdlcy1wcm9kL3Byb2R1Y3RzLzEwODcyL29yaWdpbmFsLzEvMjAyMy0xMS0yNFQxNiUzQTUwJTNBMDYuOTg3MzExJTJCMDAlM0EwMC8xMDg3Ml8xLmpwZw==.jpg;Цена со скидкой за 1 шт.98,10 ₽;Цена без скидки за 1 шт.109,00 ₽
https://sbermarket.ru/metro/c/priedlozhieniia;;https://sbermarket.ru/metro/drazhe-m-m-s-s-arahisom-i-molochnym-shokoladom-80-g?sid=1;Драже M&M's с арахисом и молочным шоколадом 80 г;https://imgproxy.sbermarket.ru/imgproxy/size-220-220/czM6Ly9jb250ZW50LWltYWdlcy1wcm9kL3Byb2R1Y3RzLzE1MDYxMDkwL29yaWdpbmFsLzEvMjAyMy0xMS0zMFQxOCUzQTM3JTNBNDEuNzI5Nzk1JTJCMDAlM0EwMC8xNTA2MTA5MF8xLmpwZw==.jpg;https://imgproxy.sbermarket.ru/imgproxy/size-220-220-2x/czM6Ly9jb250ZW50LWltYWdlcy1wcm9kL3Byb2R1Y3RzLzE1MDYxMDkwL29yaWdpbmFsLzEvMjAyMy0xMS0zMFQxOCUzQTM3JTNBNDEuNzI5Nzk1JTJCMDAlM0EwMC8xNTA2MTA5MF8xLmpwZw==.jpg;Цена со скидкой за 1 шт.114,00 ₽;Цена без скидки за 1 шт.120,00 ₽
https://sbermarket.ru/metro/c/priedlozhieniia;;https://sbermarket.ru/metro/semechki-tykvennye-ot-martina-zharenye-solenye-100-g-fcc43e4?sid=1;Семечки тыквенные от Мартина жареные соленые 100 г;https://imgproxy.sbermarket.ru/imgproxy/size-220-220/czM6Ly9jb250ZW50LWltYWdlcy1wcm9kL3Byb2R1Y3RzLzYyNzY2L29yaWdpbmFsLzEvMjAyMy0xMS0yNFQxNiUzQTMyJTNBNDkuNjMwMjg4JTJCMDAlM0EwMC82Mjc2Nl8xLmpwZw==.jpg;https://imgproxy.sbermarket.ru/imgproxy/size-220-220-2x/czM6Ly9jb250ZW50LWltYWdlcy1wcm9kL3Byb2R1Y3RzLzYyNzY2L29yaWdpbmFsLzEvMjAyMy0xMS0yNFQxNiUzQTMyJTNBNDkuNjMwMjg4JTJCMDAlM0EwMC82Mjc2Nl8xLmpwZw==.jpg;Цена со скидкой за 1 шт.94,91 ₽;Цена без скидки за 1 шт.133,00 ₽
https://sbermarket.ru/metro/c/priedlozhieniia;;https://sbermarket.ru/metro/chay-chernyy-greenfield-kenyan-sunrise-v-paketikah-2-g-h-25-sht-542e93d?sid=1;Чай черный Greenfield Kenyan Sunrise в пакетиках 2 г х 25 шт;https://imgproxy.sbermarket.ru/imgproxy/size-220-220/czM6Ly9jb250ZW50LWltYWdlcy1wcm9kL3Byb2R1Y3RzLzYxNDU3L29yaWdpbmFsLzEvMjAyMy0xMS0yNFQxNiUzQTMyJTNBMDcuMDcxNjI4JTJCMDAlM0EwMC82MTQ1N18xLmpwZw==.jpg;https://imgproxy.sbermarket.ru/imgproxy/size-220-220-2x/czM6Ly9jb250ZW50LWltYWdlcy1wcm9kL3Byb2R1Y3RzLzYxNDU3L29yaWdpbmFsLzEvMjAyMy0xMS0yNFQxNiUzQTMyJTNBMDcuMDcxNjI4JTJCMDAlM0EwMC82MTQ1N18xLmpwZw==.jpg;Цена со скидкой за 1 шт.85,41 ₽;Цена без скидки за 1 шт.114,00 ₽
https://sbermarket.ru/metro/c/priedlozhieniia;;https://sbermarket.ru/metro/kvashenaya-kapusta-traditsii-vkusa-s-morkov-yu-500-g-dd8bed5?sid=1;Квашеная капуста Традиции вкуса с морковью 500 г;https://imgproxy.sbermarket.ru/imgproxy/size-220-220/czM6Ly9jb250ZW50LWltYWdlcy1wcm9kL3Byb2R1Y3RzLzIyOTAwNi9vcmlnaW5hbC8xLzIwMjMtMTEtMzBUMTklM0EwMSUzQTA5LjA1MDI4MSUyQjAwJTNBMDAvMjI5MDA2XzEuanBn.jpg;https://imgproxy.sbermarket.ru/imgproxy/size-220-220-2x/czM6Ly9jb250ZW50LWltYWdlcy1wcm9kL3Byb2R1Y3RzLzIyOTAwNi9vcmlnaW5hbC8xLzIwMjMtMTEtMzBUMTklM0EwMSUzQTA5LjA1MDI4MSUyQjAwJTNBMDAvMjI5MDA2XzEuanBn.jpg;Цена со скидкой за 1 шт.66,41 ₽;Цена без скидки за 1 шт.69,90 ₽
https://sbermarket.ru/metro/c/priedlozhieniia;;https://sbermarket.ru/metro/bedro-indyushinoe-file-metro-chef-ohlazhdennoe-2-8-kg-f64b6b1?sid=1;Бедро индюшиное филе Metro Chef охлажденное ~2,8 кг;https://imgproxy.sbermarket.ru/imgproxy/size-220-220/czM6Ly9jb250ZW50LWltYWdlcy1wcm9kL3Byb2R1Y3RzLzE4NjAwODY1L29yaWdpbmFsLzEvMjAyMy0xMS0yOFQxNyUzQTQzJTNBMzkuMzQ2NTc4JTJCMDAlM0EwMC8xODYwMDg2NV8xLmpwZw==.jpg;https://imgproxy.sbermarket.ru/imgproxy/size-220-220-2x/czM6Ly9jb250ZW50LWltYWdlcy1wcm9kL3Byb2R1Y3RzLzE4NjAwODY1L29yaWdpbmFsLzEvMjAyMy0xMS0yOFQxNyUzQTQzJTNBMzkuMzQ2NTc4JTJCMDAlM0EwMC8xODYwMDg2NV8xLmpwZw==.jpg;Цена со скидкой за 1 шт.1 481,20 ₽;Цена без скидки за 1 шт.1 677,23 ₽
https://sbermarket.ru/metro/c/priedlozhieniia;;https://sbermarket.ru/metro/ananas-metro-chef-v-sirope-kol-tsami-560-g-392b9d6?sid=1;Ананас Metro Chef в сиропе кольцами 560 г;https://imgproxy.sbermarket.ru/imgproxy/size-220-220/czM6Ly9jb250ZW50LWltYWdlcy1wcm9kL3Byb2R1Y3RzLzE2MDY4NzgzL29yaWdpbmFsLzEvMjAyMy0xMS0zMFQxOCUzQTUyJTNBMDIuMzQ0OTE3JTJCMDAlM0EwMC8xNjA2ODc4M18xLmpwZw==.jpg;https://imgproxy.sbermarket.ru/imgproxy/size-220-220-2x/czM6Ly9jb250ZW50LWltYWdlcy1wcm9kL3Byb2R1Y3RzLzE2MDY4NzgzL29yaWdpbmFsLzEvMjAyMy0xMS0zMFQxOCUzQTUyJTNBMDIuMzQ0OTE3JTJCMDAlM0EwMC8xNjA2ODc4M18xLmpwZw==.jpg;Цена со скидкой за 1 шт.129,00 ₽;Цена без скидки за 1 шт.209,00 ₽
https://sbermarket.ru/metro/c/priedlozhieniia;;https://sbermarket.ru/metro/testo-metro-chef-sloenoe-bezdrozhzhevoe-500-g-6cce338?sid=1;Тесто Metro Chef слоеное бездрожжевое 500 г;https://imgproxy.sbermarket.ru/imgproxy/size-220-220/czM6Ly9jb250ZW50LWltYWdlcy1wcm9kL3Byb2R1Y3RzLzE3NDE2MTU5L29yaWdpbmFsLzEvMjAyMy0xMS0zMFQxOCUzQTUzJTNBNDkuNjY0NDUwJTJCMDAlM0EwMC8xNzQxNjE1OV8xLmpwZw==.jpg;https://imgproxy.sbermarket.ru/imgproxy/size-220-220-2x/czM6Ly9jb250ZW50LWltYWdlcy1wcm9kL3Byb2R1Y3RzLzE3NDE2MTU5L29yaWdpbmFsLzEvMjAyMy0xMS0zMFQxOCUzQTUzJTNBNDkuNjY0NDUwJTJCMDAlM0EwMC8xNzQxNjE1OV8xLmpwZw==.jpg;Цена со скидкой за 1 шт.62,90 ₽;Цена без скидки за 1 шт.70,90 ₽
https://sbermarket.ru/metro/c/priedlozhieniia;;https://sbermarket.ru/metro/treska-metro-chef-zamorozhennaya-file-480-g-85e1fe4?sid=1;Треска Metro Chef замороженная филе 480 г;https://imgproxy.sbermarket.ru/imgproxy/size-220-220/czM6Ly9jb250ZW50LWltYWdlcy1wcm9kL3Byb2R1Y3RzLzE2NTE4MzMxL29yaWdpbmFsLzEvMjAyMy0xMS0zMFQxOCUzQTU2JTNBNTQuMzkzMjk2JTJCMDAlM0EwMC8xNjUxODMzMV8xLmpwZw==.jpg;https://imgproxy.sbermarket.ru/imgproxy/size-220-220-2x/czM6Ly9jb250ZW50LWltYWdlcy1wcm9kL3Byb2R1Y3RzLzE2NTE4MzMxL29yaWdpbmFsLzEvMjAyMy0xMS0zMFQxOCUzQTU2JTNBNTQuMzkzMjk2JTJCMDAlM0EwMC8xNjUxODMzMV8xLmpwZw==.jpg;Цена со скидкой за 1 шт.439,00 ₽;Цена без скидки за 1 шт.479,00 ₽
https://sbermarket.ru/metro/c/priedlozhieniia;;https://sbermarket.ru/metro/testo-metro-chef-sloenoe-drozhzhevoe-500-g-d686a56?sid=1;Тесто Metro Chef слоеное дрожжевое 500 г;https://imgproxy.sbermarket.ru/imgproxy/size-220-220/czM6Ly9jb250ZW50LWltYWdlcy1wcm9kL3Byb2R1Y3RzLzE3NDE2MTYwL29yaWdpbmFsLzEvMjAyMy0xMS0zMFQxOCUzQTUzJTNBNDkuODk0ODMxJTJCMDAlM0EwMC8xNzQxNjE2MF8xLmpwZw==.jpg;https://imgproxy.sbermarket.ru/imgproxy/size-220-220-2x/czM6Ly9jb250ZW50LWltYWdlcy1wcm9kL3Byb2R1Y3RzLzE3NDE2MTYwL29yaWdpbmFsLzEvMjAyMy0xMS0zMFQxOCUzQTUzJTNBNDkuODk0ODMxJTJCMDAlM0EwMC8xNzQxNjE2MF8xLmpwZw==.jpg;Цена со скидкой за 1 шт.62,90 ₽;Цена без скидки за 1 шт.70,90 ₽
https://sbermarket.ru/metro/c/priedlozhieniia;;https://sbermarket.ru/metro/bekon-syrokopchenyy-metro-chef-narezka-500-g-a5c085d?sid=1;Бекон сырокопченый Metro Chef нарезка 500 г;https://imgproxy.sbermarket.ru/imgproxy/size-220-220/czM6Ly9jb250ZW50LWltYWdlcy1wcm9kL3Byb2R1Y3RzLzI2ODk3L29yaWdpbmFsLzEvMjAyMy0xMS0yNFQxNiUzQTI3JTNBMTUuNzE1MTA3JTJCMDAlM0EwMC8yNjg5N18xLmpwZw==.jpg;https://imgproxy.sbermarket.ru/imgproxy/size-220-220-2x/czM6Ly9jb250ZW50LWltYWdlcy1wcm9kL3Byb2R1Y3RzLzI2ODk3L29yaWdpbmFsLzEvMjAyMy0xMS0yNFQxNiUzQTI3JTNBMTUuNzE1MTA3JTJCMDAlM0EwMC8yNjg5N18xLmpwZw==.jpg;Цена со скидкой за 1 шт.339,00 ₽;Цена без скидки за 1 шт.499,00 ₽
https://sbermarket.ru/metro/c/priedlozhieniia;;https://sbermarket.ru/metro/makaronnye-izdeliya-metro-chef-spagetti-450-g-57cf5fc?sid=1;Макаронные изделия Metro Chef Спагетти 450 г;https://imgproxy.sbermarket.ru/imgproxy/size-220-220/czM6Ly9jb250ZW50LWltYWdlcy1wcm9kL3Byb2R1Y3RzLzIyMjEzOTE0L29yaWdpbmFsLzEvMjAyMy0xMS0yOFQxOCUzQTAwJTNBMjQuMDcyMzI3JTJCMDAlM0EwMC8yMjIxMzkxNF8xLmpwZw==.jpg;https://imgproxy.sbermarket.ru/imgproxy/size-220-220-2x/czM6Ly9jb250ZW50LWltYWdlcy1wcm9kL3Byb2R1Y3RzLzIyMjEzOTE0L29yaWdpbmFsLzEvMjAyMy0xMS0yOFQxOCUzQTAwJTNBMjQuMDcyMzI3JTJCMDAlM0EwMC8yMjIxMzkxNF8xLmpwZw==.jpg;Цена со скидкой за 1 шт.52,16 ₽;Цена без скидки за 1 шт.54,90 ₽
https://sbermarket.ru/metro/c/priedlozhieniia;;https://sbermarket.ru/metro/ananas-metro-chef-v-sirope-kusochkami-560-g-c7d418a?sid=1;Ананас Metro Chef в сиропе кусочками 560 г;https://imgproxy.sbermarket.ru/imgproxy/size-220-220/czM6Ly9jb250ZW50LWltYWdlcy1wcm9kL3Byb2R1Y3RzLzE2MDY4NzgyL29yaWdpbmFsLzEvMjAyMy0xMS0zMFQxOCUzQTUyJTNBMDEuNTIyMTE3JTJCMDAlM0EwMC8xNjA2ODc4Ml8xLmpwZw==.jpg;https://imgproxy.sbermarket.ru/imgproxy/size-220-220-2x/czM6Ly9jb250ZW50LWltYWdlcy1wcm9kL3Byb2R1Y3RzLzE2MDY4NzgyL29yaWdpbmFsLzEvMjAyMy0xMS0zMFQxOCUzQTUyJTNBMDEuNTIyMTE3JTJCMDAlM0EwMC8xNjA2ODc4Ml8xLmpwZw==.jpg;Цена со скидкой за 1 шт.129,00 ₽;Цена без скидки за 1 шт.182,00 ₽
https://sbermarket.ru/metro/c/priedlozhieniia;;https://sbermarket.ru/metro/mintay-metro-chef-portsionnyy-zamorozhennyy-file-800-g-a063127?sid=1;Минтай Metro Chef порционный замороженный филе 800 г;https://imgproxy.sbermarket.ru/imgproxy/size-220-220/czM6Ly9jb250ZW50LWltYWdlcy1wcm9kL3Byb2R1Y3RzLzcyNzg1NC9vcmlnaW5hbC8xLzIwMjMtMTEtMzBUMTklM0EwMSUzQTI4LjMyOTU1OSUyQjAwJTNBMDAvNzI3ODU0XzEuanBn.jpg;https://imgproxy.sbermarket.ru/imgproxy/size-220-220-2x/czM6Ly9jb250ZW50LWltYWdlcy1wcm9kL3Byb2R1Y3RzLzcyNzg1NC9vcmlnaW5hbC8xLzIwMjMtMTEtMzBUMTklM0EwMSUzQTI4LjMyOTU1OSUyQjAwJTNBMDAvNzI3ODU0XzEuanBn.jpg;Цена со скидкой за 1 шт.559,00 ₽;Цена без скидки за 1 шт.659,00 ₽
https://sbermarket.ru/metro/c/priedlozhieniia;;https://sbermarket.ru/metro/krevetki-metro-chef-tigrovye-26-30-ochischennye-varenye-zamorozhennye-850-g-4cd3232?sid=1;Креветки Metro Chef тигровые 26/30 очищенные вареные...;https://imgproxy.sbermarket.ru/imgproxy/size-220-220/czM6Ly9jb250ZW50LWltYWdlcy1wcm9kL3Byb2R1Y3RzLzE1OTc1Njg5L29yaWdpbmFsLzEvMjAyMy0xMS0zMFQxOCUzQTUwJTNBMjYuMDQzOTc0JTJCMDAlM0EwMC8xNTk3NTY4OV8xLmpwZw==.jpg;https://imgproxy.sbermarket.ru/imgproxy/size-220-220-2x/czM6Ly9jb250ZW50LWltYWdlcy1wcm9kL3Byb2R1Y3RzLzE1OTc1Njg5L29yaWdpbmFsLzEvMjAyMy0xMS0zMFQxOCUzQTUwJTNBMjYuMDQzOTc0JTJCMDAlM0EwMC8xNTk3NTY4OV8xLmpwZw==.jpg;Цена со скидкой за 1 шт.1 599,00 ₽;Цена без скидки за 1 шт.1 799,01 ₽
https://sbermarket.ru/metro/c/prazdnik-dlya-lyubimikh-ba54b96;;https://sbermarket.ru/metro/konfety-raffaello-150-g?sid=1;Конфеты Raffaello 150 г;https://imgproxy.sbermarket.ru/imgproxy/size-220-220/czM6Ly9jb250ZW50LWltYWdlcy1wcm9kL3Byb2R1Y3RzLzE1ODkwL29yaWdpbmFsLzEvMjAyNC0wMi0yMFQwNyUzQTQ3JTNBMzAuMjE1NDMyJTJCMDAlM0EwMC8xNTg5MF8xLmpwZw==.jpg;https://imgproxy.sbermarket.ru/imgproxy/size-220-220-2x/czM6Ly9jb250ZW50LWltYWdlcy1wcm9kL3Byb2R1Y3RzLzE1ODkwL29yaWdpbmFsLzEvMjAyNC0wMi0yMFQwNyUzQTQ3JTNBMzAuMjE1NDMyJTJCMDAlM0EwMC8xNTg5MF8xLmpwZw==.jpg;Цена со скидкой за 1 шт.279,00 ₽;Цена без скидки за 1 шт.429,00 ₽
https://sbermarket.ru/metro/c/prazdnik-dlya-lyubimikh-ba54b96;;https://sbermarket.ru/metro/konfety-shokoladnye-merci-assorti-250-g-37107a3?sid=1;Конфеты шоколадные Merci Ассорти 250 г;https://imgproxy.sbermarket.ru/imgproxy/size-220-220/czM6Ly9jb250ZW50LWltYWdlcy1wcm9kL3Byb2R1Y3RzLzIyOTkzMzA1L29yaWdpbmFsLzEvMjAyMy0xMS0yNFQxNSUzQTMwJTNBMjcuMTkxMTA2JTJCMDAlM0EwMC8yMjk5MzMwNV8xLmpwZw==.jpg;https://imgproxy.sbermarket.ru/imgproxy/size-220-220-2x/czM6Ly9jb250ZW50LWltYWdlcy1wcm9kL3Byb2R1Y3RzLzIyOTkzMzA1L29yaWdpbmFsLzEvMjAyMy0xMS0yNFQxNSUzQTMwJTNBMjcuMTkxMTA2JTJCMDAlM0EwMC8yMjk5MzMwNV8xLmpwZw==.jpg;Цена со скидкой за 1 шт.289,00 ₽;Цена без скидки за 1 шт.469,00 ₽
https://sbermarket.ru/metro/c/prazdnik-dlya-lyubimikh-ba54b96;;https://sbermarket.ru/metro/nabor-konfet-korkunov-assorti-iz-temnogo-i-molochnogo-shokolada-165-g-ea55073?sid=1;Набор конфет Коркунов Ассорти из темного и молочного...;https://imgproxy.sbermarket.ru/imgproxy/size-220-220/czM6Ly9jb250ZW50LWltYWdlcy1wcm9kL3Byb2R1Y3RzLzI0Nzg1MzI4L29yaWdpbmFsLzEvMjAyMy0xMS0yNFQxNSUzQTM4JTNBNDcuNDA5NjE3JTJCMDAlM0EwMC8yNDc4NTMyOF8xLmpwZw==.jpg;https://imgproxy.sbermarket.ru/imgproxy/size-220-220-2x/czM6Ly9jb250ZW50LWltYWdlcy1wcm9kL3Byb2R1Y3RzLzI0Nzg1MzI4L29yaWdpbmFsLzEvMjAyMy0xMS0yNFQxNSUzQTM4JTNBNDcuNDA5NjE3JTJCMDAlM0EwMC8yNDc4NTMyOF8xLmpwZw==.jpg;Цена со скидкой за 1 шт.289,00 ₽;Цена без скидки за 1 шт.569,00 ₽
https://sbermarket.ru/metro/c/prazdnik-dlya-lyubimikh-ba54b96;;https://sbermarket.ru/metro/iris-toffifee-santa-lesnoy-oreh-karamel-shokolad-125-g?sid=1;Ирис Toffifee Санта лесной орех-карамель-шоколад 125 г;https://imgproxy.sbermarket.ru/imgproxy/size-220-220/czM6Ly9jb250ZW50LWltYWdlcy1wcm9kL3Byb2R1Y3RzLzExNDY1MzQvb3JpZ2luYWwvMS8yMDIzLTExLTMwVDE4JTNBMzclM0E1NC45OTQ5MjIlMkIwMCUzQTAwLzExNDY1MzRfMS5qcGc=.jpg;https://imgproxy.sbermarket.ru/imgproxy/size-220-220-2x/czM6Ly9jb250ZW50LWltYWdlcy1wcm9kL3Byb2R1Y3RzLzExNDY1MzQvb3JpZ2luYWwvMS8yMDIzLTExLTMwVDE4JTNBMzclM0E1NC45OTQ5MjIlMkIwMCUzQTAwLzExNDY1MzRfMS5qcGc=.jpg;Цена со скидкой за 1 шт.169,00 ₽;Цена без скидки за 1 шт.215,00 ₽
https://sbermarket.ru/metro/c/prazdnik-dlya-lyubimikh-ba54b96;;https://sbermarket.ru/metro/konfety-kokosovye-raffaello-s-tsel-nym-mindal-nym-orehom-v-kokosovoy-obsypke-70-g?sid=1;Конфеты кокосовые Raffaello с цельным миндальным орехом в...;https://imgproxy.sbermarket.ru/imgproxy/size-220-220/czM6Ly9jb250ZW50LWltYWdlcy1wcm9kL3Byb2R1Y3RzLzE3NTUwODUxL29yaWdpbmFsLzEvMjAyMy0xMS0zMFQxOCUzQTQ4JTNBMTQuMDg5MzM3JTJCMDAlM0EwMC8xNzU1MDg1MV8xLmpwZw==.jpg;https://imgproxy.sbermarket.ru/imgproxy/size-220-220-2x/czM6Ly9jb250ZW50LWltYWdlcy1wcm9kL3Byb2R1Y3RzLzE3NTUwODUxL29yaWdpbmFsLzEvMjAyMy0xMS0zMFQxOCUzQTQ4JTNBMTQuMDg5MzM3JTJCMDAlM0EwMC8xNzU1MDg1MV8xLmpwZw==.jpg;Цена за 1 шт.234,00 ₽;
https://sbermarket.ru/metro/c/prazdnik-dlya-lyubimikh-ba54b96;;https://sbermarket.ru/metro/shokoladnye-konfety-merci-assorti-iz-molochnogo-shokolada-250-g-88ec754?sid=1;Шоколадные конфеты Merci Ассорти из молочного шоколада 250 г;https://imgproxy.sbermarket.ru/imgproxy/size-220-220/czM6Ly9jb250ZW50LWltYWdlcy1wcm9kL3Byb2R1Y3RzLzkzNTc5MS9vcmlnaW5hbC8xLzIwMjMtMTEtMzBUMTglM0E1NyUzQTE5Ljc4ODQ3NiUyQjAwJTNBMDAvOTM1NzkxXzEuanBn.jpg;https://imgproxy.sbermarket.ru/imgproxy/size-220-220-2x/czM6Ly9jb250ZW50LWltYWdlcy1wcm9kL3Byb2R1Y3RzLzkzNTc5MS9vcmlnaW5hbC8xLzIwMjMtMTEtMzBUMTglM0E1NyUzQTE5Ljc4ODQ3NiUyQjAwJTNBMDAvOTM1NzkxXzEuanBn.jpg;Цена со скидкой за 1 шт.289,00 ₽;Цена без скидки за 1 шт.469,00 ₽
https://sbermarket.ru/metro/c/prazdnik-dlya-lyubimikh-ba54b96;;https://sbermarket.ru/metro/konfety-shokoladnye-korkunov-assorti-iz-molochnogo-shokolada-165-g-1880560?sid=1;Конфеты шоколадные Коркунов Ассорти из молочного шоколада...;https://imgproxy.sbermarket.ru/imgproxy/size-220-220/czM6Ly9jb250ZW50LWltYWdlcy1wcm9kL3Byb2R1Y3RzLzI0ODc2NDkyL29yaWdpbmFsLzEvMjAyMy0xMS0yNFQxNSUzQTM5JTNBMTUuMTUyNzU1JTJCMDAlM0EwMC8yNDg3NjQ5Ml8xLmpwZw==.jpg;https://imgproxy.sbermarket.ru/imgproxy/size-220-220-2x/czM6Ly9jb250ZW50LWltYWdlcy1wcm9kL3Byb2R1Y3RzLzI0ODc2NDkyL29yaWdpbmFsLzEvMjAyMy0xMS0yNFQxNSUzQTM5JTNBMTUuMTUyNzU1JTJCMDAlM0EwMC8yNDg3NjQ5Ml8xLmpwZw==.jpg;Цена со скидкой за 1 шт.289,00 ₽;Цена без скидки за 1 шт.569,00 ₽
https://sbermarket.ru/metro/c/prazdnik-dlya-lyubimikh-ba54b96;;https://sbermarket.ru/metro/shokoladnye-konfety-korkunov-orehovaya-kollektsiya-110-g-772b843?sid=1;Шоколадные конфеты Коркунов Ореховая коллекция 110 г;https://imgproxy.sbermarket.ru/imgproxy/size-220-220/czM6Ly9jb250ZW50LWltYWdlcy1wcm9kL3Byb2R1Y3RzLzIxMTEzNDg2L29yaWdpbmFsLzEvMjAyMy0xMS0yOFQxNyUzQTU1JTNBMTQuMjQ3NjY0JTJCMDAlM0EwMC8yMTExMzQ4Nl8xLmpwZw==.jpg;https://imgproxy.sbermarket.ru/imgproxy/size-220-220-2x/czM6Ly9jb250ZW50LWltYWdlcy1wcm9kL3Byb2R1Y3RzLzIxMTEzNDg2L29yaWdpbmFsLzEvMjAyMy0xMS0yOFQxNyUzQTU1JTNBMTQuMjQ3NjY0JTJCMDAlM0EwMC8yMTExMzQ4Nl8xLmpwZw==.jpg;Цена за 1 шт.339,00 ₽;
https://sbermarket.ru/metro/c/prazdnik-dlya-lyubimikh-ba54b96;;https://sbermarket.ru/metro/konfety-shokoladnye-merci-assorti-400-g-00e7e87?sid=1;Конфеты шоколадные Merci Ассорти 400 г;https://imgproxy.sbermarket.ru/imgproxy/size-220-220/czM6Ly9jb250ZW50LWltYWdlcy1wcm9kL3Byb2R1Y3RzLzE1ODgwL29yaWdpbmFsLzEvMjAyMy0xMS0yNFQxNiUzQTI0JTNBMjguNTQxNDg0JTJCMDAlM0EwMC8xNTg4MF8xLmpwZw==.jpg;https://imgproxy.sbermarket.ru/imgproxy/size-220-220-2x/czM6Ly9jb250ZW50LWltYWdlcy1wcm9kL3Byb2R1Y3RzLzE1ODgwL29yaWdpbmFsLzEvMjAyMy0xMS0yNFQxNiUzQTI0JTNBMjguNTQxNDg0JTJCMDAlM0EwMC8xNTg4MF8xLmpwZw==.jpg;Цена со скидкой за 1 шт.749,00 ₽;Цена без скидки за 1 шт.959,00 ₽
https://sbermarket.ru/metro/c/prazdnik-dlya-lyubimikh-ba54b96;;https://sbermarket.ru/metro/konfety-raffaello-s-tsel-nym-mindal-nym-orehom-v-kokosovoy-obsypke-100-g-686fba1?sid=1;Конфеты Raffaello с цельным миндальным орехом в кокосовой...;https://imgproxy.sbermarket.ru/imgproxy/size-220-220/czM6Ly9jb250ZW50LWltYWdlcy1wcm9kL3Byb2R1Y3RzLzI3MjA0L29yaWdpbmFsLzEvMjAyMy0xMS0yNFQxNiUzQTI3JTNBMjcuNTk3MzM1JTJCMDAlM0EwMC8yNzIwNF8xLmpwZw==.jpg;https://imgproxy.sbermarket.ru/imgproxy/size-220-220-2x/czM6Ly9jb250ZW50LWltYWdlcy1wcm9kL3Byb2R1Y3RzLzI3MjA0L29yaWdpbmFsLzEvMjAyMy0xMS0yNFQxNiUzQTI3JTNBMjcuNTk3MzM1JTJCMDAlM0EwMC8yNzIwNF8xLmpwZw==.jpg;Цена за 1 шт.419,00 ₽;
https://sbermarket.ru/metro/c/prazdnik-dlya-lyubimikh-ba54b96;;https://sbermarket.ru/metro/plitka-alpen-gold-belaya-s-mindalem-i-kokosovoy-struzhkoy-85-g-fa40ddc?sid=1;Плитка Alpen Gold белая с миндалем и кокосовой стружкой 85 г;https://imgproxy.sbermarket.ru/imgproxy/size-220-220/czM6Ly9jb250ZW50LWltYWdlcy1wcm9kL3Byb2R1Y3RzLzkxNzY1Ni9vcmlnaW5hbC8xLzIwMjQtMDItMjBUMDclM0E0OCUzQTE5LjY4NzkyOCUyQjAwJTNBMDAvOTE3NjU2XzEuanBn.jpg;https://imgproxy.sbermarket.ru/imgproxy/size-220-220-2x/czM6Ly9jb250ZW50LWltYWdlcy1wcm9kL3Byb2R1Y3RzLzkxNzY1Ni9vcmlnaW5hbC8xLzIwMjQtMDItMjBUMDclM0E0OCUzQTE5LjY4NzkyOCUyQjAwJTNBMDAvOTE3NjU2XzEuanBn.jpg;Цена за 1 шт.85,90 ₽;
https://sbermarket.ru/metro/c/prazdnik-dlya-lyubimikh-ba54b96;;https://sbermarket.ru/metro/shokolad-alpen-gold-molochnyy-s-fundukom-izyumom-85-g-46d9d42?sid=1;Шоколад Alpen Gold молочный с фундуком-изюмом 85 г;https://imgproxy.sbermarket.ru/imgproxy/size-220-220/czM6Ly9jb250ZW50LWltYWdlcy1wcm9kL3Byb2R1Y3RzLzIxNzM2Nzc4L29yaWdpbmFsLzEvMjAyMy0xMS0yOFQxNyUzQTU2JTNBMjMuODY3OTUxJTJCMDAlM0EwMC8yMTczNjc3OF8xLmpwZw==.jpg;https://imgproxy.sbermarket.ru/imgproxy/size-220-220-2x/czM6Ly9jb250ZW50LWltYWdlcy1wcm9kL3Byb2R1Y3RzLzIxNzM2Nzc4L29yaWdpbmFsLzEvMjAyMy0xMS0yOFQxNyUzQTU2JTNBMjMuODY3OTUxJTJCMDAlM0EwMC8yMTczNjc3OF8xLmpwZw==.jpg;Цена за 1 шт.85,90 ₽;
https://sbermarket.ru/metro/c/prazdnik-dlya-lyubimikh-ba54b96;;https://sbermarket.ru/metro/shokolad-alpen-gold-molochnyy-85-g-e8d797a?sid=1;Шоколад Alpen Gold молочный 85 г;https://imgproxy.sbermarket.ru/imgproxy/size-220-220/czM6Ly9jb250ZW50LWltYWdlcy1wcm9kL3Byb2R1Y3RzLzEwOTY0MDIvb3JpZ2luYWwvMS8yMDIzLTExLTMwVDE4JTNBMzQlM0E0NS4zNjE4OTglMkIwMCUzQTAwLzEwOTY0MDJfMS5qcGc=.jpg;https://imgproxy.sbermarket.ru/imgproxy/size-220-220-2x/czM6Ly9jb250ZW50LWltYWdlcy1wcm9kL3Byb2R1Y3RzLzEwOTY0MDIvb3JpZ2luYWwvMS8yMDIzLTExLTMwVDE4JTNBMzQlM0E0NS4zNjE4OTglMkIwMCUzQTAwLzEwOTY0MDJfMS5qcGc=.jpg;Цена за 1 шт.79,90 ₽;
https://sbermarket.ru/metro/c/prazdnik-dlya-lyubimikh-ba54b96;;https://sbermarket.ru/metro/shokolad-alpen-gold-molochnyy-s-fundukom-85-g-2c8fe2d?sid=1;Шоколад Alpen Gold молочный с фундуком 85 г;https://imgproxy.sbermarket.ru/imgproxy/size-220-220/czM6Ly9jb250ZW50LWltYWdlcy1wcm9kL3Byb2R1Y3RzLzIxNjgwMTU4L29yaWdpbmFsLzEvMjAyMy0xMS0yOFQxNyUzQTU2JTNBMDkuNDQyMTI5JTJCMDAlM0EwMC8yMTY4MDE1OF8xLmpwZw==.jpg;https://imgproxy.sbermarket.ru/imgproxy/size-220-220-2x/czM6Ly9jb250ZW50LWltYWdlcy1wcm9kL3Byb2R1Y3RzLzIxNjgwMTU4L29yaWdpbmFsLzEvMjAyMy0xMS0yOFQxNyUzQTU2JTNBMDkuNDQyMTI5JTJCMDAlM0EwMC8yMTY4MDE1OF8xLmpwZw==.jpg;Цена за 1 шт.85,90 ₽;
https://sbermarket.ru/metro/c/prazdnik-dlya-lyubimikh-ba54b96;;https://sbermarket.ru/metro/shokolad-krasnyy-oktyabr-alenka-molochnyy-90-g?sid=1;Шоколад Красный Октябрь Аленка молочный 90 г;https://imgproxy.sbermarket.ru/imgproxy/size-220-220/czM6Ly9jb250ZW50LWltYWdlcy1wcm9kL3Byb2R1Y3RzLzE1NjI2NjAxL29yaWdpbmFsLzEvMjAyMy0xMS0zMFQxOCUzQTUzJTNBMDkuMzQ3MTcwJTJCMDAlM0EwMC8xNTYyNjYwMV8xLmpwZw==.jpg;https://imgproxy.sbermarket.ru/imgproxy/size-220-220-2x/czM6Ly9jb250ZW50LWltYWdlcy1wcm9kL3Byb2R1Y3RzLzE1NjI2NjAxL29yaWdpbmFsLzEvMjAyMy0xMS0zMFQxOCUzQTUzJTNBMDkuMzQ3MTcwJTJCMDAlM0EwMC8xNTYyNjYwMV8xLmpwZw==.jpg;Цена со скидкой за 1 шт.69,90 ₽;Цена без скидки за 1 шт.89,90 ₽
https://sbermarket.ru/metro/c/prazdnik-dlya-lyubimikh-ba54b96;;https://sbermarket.ru/metro/shokolad-milka-molochnyy-s-tsel-nym-fundukom-85-g-be4be20?sid=1;Шоколад Milka молочный с цельным фундуком 85 г;https://imgproxy.sbermarket.ru/imgproxy/size-220-220/czM6Ly9jb250ZW50LWltYWdlcy1wcm9kL3Byb2R1Y3RzLzE1MTUzMzA1L29yaWdpbmFsLzEvMjAyMy0xMS0zMFQxOCUzQTM5JTNBMjQuNzMwMDc4JTJCMDAlM0EwMC8xNTE1MzMwNV8xLmpwZw==.jpg;https://imgproxy.sbermarket.ru/imgproxy/size-220-220-2x/czM6Ly9jb250ZW50LWltYWdlcy1wcm9kL3Byb2R1Y3RzLzE1MTUzMzA1L29yaWdpbmFsLzEvMjAyMy0xMS0zMFQxOCUzQTM5JTNBMjQuNzMwMDc4JTJCMDAlM0EwMC8xNTE1MzMwNV8xLmpwZw==.jpg;Цена со скидкой за 1 шт.109,00 ₽;Цена без скидки за 1 шт.134,00 ₽
https://sbermarket.ru/metro/c/prazdnik-dlya-lyubimikh-ba54b96;;https://sbermarket.ru/metro/shokolad-alenka-mnogo-moloka-molochnyy-90-g-77e324a?sid=1;Шоколад Аленка Много молока молочный 90 г;https://imgproxy.sbermarket.ru/imgproxy/size-220-220/czM6Ly9jb250ZW50LWltYWdlcy1wcm9kL3Byb2R1Y3RzLzE1NjI2NTk4L29yaWdpbmFsLzEvMjAyMy0xMS0zMFQxOCUzQTUzJTNBMDguOTExNTk2JTJCMDAlM0EwMC8xNTYyNjU5OF8xLmpwZw==.jpg;https://imgproxy.sbermarket.ru/imgproxy/size-220-220-2x/czM6Ly9jb250ZW50LWltYWdlcy1wcm9kL3Byb2R1Y3RzLzE1NjI2NTk4L29yaWdpbmFsLzEvMjAyMy0xMS0zMFQxOCUzQTUzJTNBMDguOTExNTk2JTJCMDAlM0EwMC8xNTYyNjU5OF8xLmpwZw==.jpg;Цена со скидкой за 1 шт.66,41 ₽;Цена без скидки за 1 шт.89,90 ₽
https://sbermarket.ru/metro/c/prazdnik-dlya-lyubimikh-ba54b96;;https://sbermarket.ru/metro/shokolad-vozdushnyy-belyy-85-g-a0d2010?sid=1;Шоколад Воздушный белый 85 г;https://imgproxy.sbermarket.ru/imgproxy/size-220-220/czM6Ly9jb250ZW50LWltYWdlcy1wcm9kL3Byb2R1Y3RzLzUyNDEwL29yaWdpbmFsLzEvMjAyMy0xMS0yNFQxNiUzQTM2JTNBMDYuNzE0MjA5JTJCMDAlM0EwMC81MjQxMF8xLmpwZw==.jpg;https://imgproxy.sbermarket.ru/imgproxy/size-220-220-2x/czM6Ly9jb250ZW50LWltYWdlcy1wcm9kL3Byb2R1Y3RzLzUyNDEwL29yaWdpbmFsLzEvMjAyMy0xMS0yNFQxNiUzQTM2JTNBMDYuNzE0MjA5JTJCMDAlM0EwMC81MjQxMF8xLmpwZw==.jpg;Цена за 1 шт.134,00 ₽;
https://sbermarket.ru/metro/c/prazdnik-dlya-lyubimikh-ba54b96;;https://sbermarket.ru/metro/shokolad-ritter-sport-molochnyy-lesnoy-oreh-100-g-ca51e9b?sid=1;Шоколад Ritter Sport молочный лесной орех 100 г;https://imgproxy.sbermarket.ru/imgproxy/size-220-220/czM6Ly9jb250ZW50LWltYWdlcy1wcm9kL3Byb2R1Y3RzLzk0NTQxL29yaWdpbmFsLzEvMjAyNC0wMi0yMFQwNyUzQTQ3JTNBNDcuNzQ5NDY4JTJCMDAlM0EwMC85NDU0MV8xLmpwZw==.jpg;https://imgproxy.sbermarket.ru/imgproxy/size-220-220-2x/czM6Ly9jb250ZW50LWltYWdlcy1wcm9kL3Byb2R1Y3RzLzk0NTQxL29yaWdpbmFsLzEvMjAyNC0wMi0yMFQwNyUzQTQ3JTNBNDcuNzQ5NDY4JTJCMDAlM0EwMC85NDU0MV8xLmpwZw==.jpg;Цена со скидкой за 1 шт.132,05 ₽;Цена без скидки за 1 шт.159,00 ₽
https://sbermarket.ru/metro/c/prazdnik-dlya-lyubimikh-ba54b96;;https://sbermarket.ru/metro/shokolad-ritter-sport-tsel-nyy-lesnoy-oreh-molochnyy-100-g?sid=1;Шоколад Ritter Sport Цельный лесной орех молочный 100 г;https://imgproxy.sbermarket.ru/imgproxy/size-220-220/czM6Ly9jb250ZW50LWltYWdlcy1wcm9kL3Byb2R1Y3RzLzI0MjczMzM5L29yaWdpbmFsLzEvMjAyNC0wMi0yMFQwNyUzQTQ5JTNBNDQuMDExODQ3JTJCMDAlM0EwMC8yNDI3MzMzOV8xLmpwZw==.jpg;https://imgproxy.sbermarket.ru/imgproxy/size-220-220-2x/czM6Ly9jb250ZW50LWltYWdlcy1wcm9kL3Byb2R1Y3RzLzI0MjczMzM5L29yaWdpbmFsLzEvMjAyNC0wMi0yMFQwNyUzQTQ5JTNBNDQuMDExODQ3JTJCMDAlM0EwMC8yNDI3MzMzOV8xLmpwZw==.jpg;Цена за 1 шт.169,00 ₽;
https://sbermarket.ru/metro/c/prazdnik-dlya-lyubimikh-ba54b96;;https://sbermarket.ru/metro/pirozhnoe-orion-choco-pie-30-g-h-12-sht?sid=1;Пирожное Orion Choco Pie 30 г х 12 шт;https://imgproxy.sbermarket.ru/imgproxy/size-220-220/czM6Ly9jb250ZW50LWltYWdlcy1wcm9kL3Byb2R1Y3RzLzE2MzI3OTk1L29yaWdpbmFsLzEvMjAyMy0xMS0zMFQxOCUzQTU0JTNBNDcuNjMwMjUyJTJCMDAlM0EwMC8xNjMyNzk5NV8xLmpwZw==.jpg;https://imgproxy.sbermarket.ru/imgproxy/size-220-220-2x/czM6Ly9jb250ZW50LWltYWdlcy1wcm9kL3Byb2R1Y3RzLzE2MzI3OTk1L29yaWdpbmFsLzEvMjAyMy0xMS0zMFQxOCUzQTU0JTNBNDcuNjMwMjUyJTJCMDAlM0EwMC8xNjMyNzk5NV8xLmpwZw==.jpg;Цена за 1 шт.169,00 ₽;
https://sbermarket.ru/metro/c/prazdnik-dlya-lyubimikh-ba54b96;;https://sbermarket.ru/metro/tort-fili-beyker-pancho-1-kg-7ca71ca?sid=1;Торт Фили-Бейкер Панчо 1 кг;https://imgproxy.sbermarket.ru/imgproxy/size-220-220/czM6Ly9jb250ZW50LWltYWdlcy1wcm9kL3Byb2R1Y3RzLzE1MjkwODg0L29yaWdpbmFsLzEvMjAyMy0xMS0zMFQxOCUzQTQzJTNBMjAuODU5NzQwJTJCMDAlM0EwMC8xNTI5MDg4NF8xLmpwZw==.jpg;https://imgproxy.sbermarket.ru/imgproxy/size-220-220-2x/czM6Ly9jb250ZW50LWltYWdlcy1wcm9kL3Byb2R1Y3RzLzE1MjkwODg0L29yaWdpbmFsLzEvMjAyMy0xMS0zMFQxOCUzQTQzJTNBMjAuODU5NzQwJTJCMDAlM0EwMC8xNTI5MDg4NF8xLmpwZw==.jpg;Цена за 1 шт.779,00 ₽;
https://sbermarket.ru/metro/c/prazdnik-dlya-lyubimikh-ba54b96;;https://sbermarket.ru/metro/pirozhnye-fili-beyker-zavarnye-kol-tsa-300-g-4a2d321?sid=1;Пирожные Фили-Бейкер Заварные Кольца 300 г;https://imgproxy.sbermarket.ru/imgproxy/size-220-220/czM6Ly9jb250ZW50LWltYWdlcy1wcm9kL3Byb2R1Y3RzLzE2NzE4MTY2L29yaWdpbmFsLzEvMjAyMy0xMS0zMFQxOCUzQTUwJTNBMDYuMjc3NDU4JTJCMDAlM0EwMC8xNjcxODE2Nl8xLmpwZw==.jpg;https://imgproxy.sbermarket.ru/imgproxy/size-220-220-2x/czM6Ly9jb250ZW50LWltYWdlcy1wcm9kL3Byb2R1Y3RzLzE2NzE4MTY2L29yaWdpbmFsLzEvMjAyMy0xMS0zMFQxOCUzQTUwJTNBMDYuMjc3NDU4JTJCMDAlM0EwMC8xNjcxODE2Nl8xLmpwZw==.jpg;Цена со скидкой за 1 шт.169,00 ₽;Цена без скидки за 1 шт.239,00 ₽
https://sbermarket.ru/metro/c/prazdnik-dlya-lyubimikh-ba54b96;;https://sbermarket.ru/metro/tort-fili-beyker-narodnaya-ptichka-klassicheskaya-500-g-9af4012?sid=1;Торт Фили-Бейкер Народная птичка Классическая 500 г;https://imgproxy.sbermarket.ru/imgproxy/size-220-220/czM6Ly9jb250ZW50LWltYWdlcy1wcm9kL3Byb2R1Y3RzLzE1MjkwOTU2L29yaWdpbmFsLzEvMjAyNC0wMS0xMVQxNSUzQTE4JTNBMTYuOTQ4MDAwJTJCMDAlM0EwMC8xNTI5MDk1Nl8xLmpwZw==.jpg;https://imgproxy.sbermarket.ru/imgproxy/size-220-220-2x/czM6Ly9jb250ZW50LWltYWdlcy1wcm9kL3Byb2R1Y3RzLzE1MjkwOTU2L29yaWdpbmFsLzEvMjAyNC0wMS0xMVQxNSUzQTE4JTNBMTYuOTQ4MDAwJTJCMDAlM0EwMC8xNTI5MDk1Nl8xLmpwZw==.jpg;Цена за 1 шт.409,00 ₽;
https://sbermarket.ru/metro/c/prazdnik-dlya-lyubimikh-ba54b96;;https://sbermarket.ru/metro/tort-cheremushki-charodeyka-650-g?sid=1;Торт Черемушки Чародейка 650 г;https://imgproxy.sbermarket.ru/imgproxy/size-220-220/czM6Ly9jb250ZW50LWltYWdlcy1wcm9kL3Byb2R1Y3RzLzE1MjkwODc4L29yaWdpbmFsLzEvMjAyMy0xMS0zMFQxOCUzQTQzJTNBMjAuNjc5MjM2JTJCMDAlM0EwMC8xNTI5MDg3OF8xLmpwZw==.jpg;https://imgproxy.sbermarket.ru/imgproxy/size-220-220-2x/czM6Ly9jb250ZW50LWltYWdlcy1wcm9kL3Byb2R1Y3RzLzE1MjkwODc4L29yaWdpbmFsLzEvMjAyMy0xMS0zMFQxOCUzQTQzJTNBMjAuNjc5MjM2JTJCMDAlM0EwMC8xNTI5MDg3OF8xLmpwZw==.jpg;Цена за 1 шт.429,00 ₽;
https://sbermarket.ru/metro/c/prazdnik-dlya-lyubimikh-ba54b96;;https://sbermarket.ru/metro/pirozhnye-cheremushki-kartoshka-60-g-h-5-sht-3821732?sid=1;Пирожные Черемушки Картошка 60 г х 5 шт;https://imgproxy.sbermarket.ru/imgproxy/size-220-220/czM6Ly9jb250ZW50LWltYWdlcy1wcm9kL3Byb2R1Y3RzLzMwNjg5L29yaWdpbmFsLzEvMjAyMy0xMS0yNFQxNiUzQTI5JTNBMjguMTk1MDYwJTJCMDAlM0EwMC8zMDY4OV8xLmpwZw==.jpg;https://imgproxy.sbermarket.ru/imgproxy/size-220-220-2x/czM6Ly9jb250ZW50LWltYWdlcy1wcm9kL3Byb2R1Y3RzLzMwNjg5L29yaWdpbmFsLzEvMjAyMy0xMS0yNFQxNiUzQTI5JTNBMjguMTk1MDYwJTJCMDAlM0EwMC8zMDY4OV8xLmpwZw==.jpg;Цена со скидкой за 1 шт.249,00 ₽;Цена без скидки за 1 шт.339,00 ₽
https://sbermarket.ru/metro/c/prazdnik-dlya-lyubimikh-ba54b96;;https://sbermarket.ru/metro/pirozhnoe-mirel-muraveynik-340-g-e87a4a3?sid=1;Пирожное Mirel Муравейник 340 г;https://imgproxy.sbermarket.ru/imgproxy/size-220-220/czM6Ly9jb250ZW50LWltYWdlcy1wcm9kL3Byb2R1Y3RzLzIyMDg5MTE3L29yaWdpbmFsLzEvMjAyMy0xMS0yOFQxNyUzQTU4JTNBNTAuNjczMzg5JTJCMDAlM0EwMC8yMjA4OTExN18xLmpwZw==.jpg;https://imgproxy.sbermarket.ru/imgproxy/size-220-220-2x/czM6Ly9jb250ZW50LWltYWdlcy1wcm9kL3Byb2R1Y3RzLzIyMDg5MTE3L29yaWdpbmFsLzEvMjAyMy0xMS0yOFQxNyUzQTU4JTNBNTAuNjczMzg5JTJCMDAlM0EwMC8yMjA4OTExN18xLmpwZw==.jpg;Цена за 1 шт.245,00 ₽;
https://sbermarket.ru/metro/c/prazdnik-dlya-lyubimikh-ba54b96;;https://sbermarket.ru/metro/vafel-nyy-tort-krasnyy-oktyabr-mishka-kosolapyy-250-g-cd16478?sid=1;Вафельный торт Красный Октябрь Мишка косолапый 250 г;https://imgproxy.sbermarket.ru/imgproxy/size-220-220/czM6Ly9jb250ZW50LWltYWdlcy1wcm9kL3Byb2R1Y3RzLzQwMzI1MC9vcmlnaW5hbC8xLzIwMjMtMTEtMzBUMTklM0EwMiUzQTQ4LjIyNTMyNSUyQjAwJTNBMDAvNDAzMjUwXzEuanBn.jpg;https://imgproxy.sbermarket.ru/imgproxy/size-220-220-2x/czM6Ly9jb250ZW50LWltYWdlcy1wcm9kL3Byb2R1Y3RzLzQwMzI1MC9vcmlnaW5hbC8xLzIwMjMtMTEtMzBUMTklM0EwMiUzQTQ4LjIyNTMyNSUyQjAwJTNBMDAvNDAzMjUwXzEuanBn.jpg;Цена со скидкой за 1 шт.149,00 ₽;Цена без скидки за 1 шт.217,00 ₽
https://sbermarket.ru/metro/c/prazdnik-dlya-lyubimikh-ba54b96;;https://sbermarket.ru/metro/tort-cheremushki-ptichie-moloko-600-g-79353af?sid=1;Торт Черемушки Птичье молоко 600 г;https://imgproxy.sbermarket.ru/imgproxy/size-220-220/czM6Ly9jb250ZW50LWltYWdlcy1wcm9kL3Byb2R1Y3RzLzE1NzAwNDcvb3JpZ2luYWwvMS8yMDIzLTExLTMwVDE4JTNBNTQlM0EzMC40ODEzMDElMkIwMCUzQTAwLzE1NzAwNDdfMS5qcGc=.jpg;https://imgproxy.sbermarket.ru/imgproxy/size-220-220-2x/czM6Ly9jb250ZW50LWltYWdlcy1wcm9kL3Byb2R1Y3RzLzE1NzAwNDcvb3JpZ2luYWwvMS8yMDIzLTExLTMwVDE4JTNBNTQlM0EzMC40ODEzMDElMkIwMCUzQTAwLzE1NzAwNDdfMS5qcGc=.jpg;Цена за 1 шт.549,00 ₽;
https://sbermarket.ru/metro/c/vkusnij-keshbek-dab32a4;;https://sbermarket.ru/metro/syr-rassol-nyy-bonfesto-motsarella-panini-pizza-40-1-kg-a871697?sid=1;Сыр рассольный Bonfesto Моцарелла Panini Pizza 40% 1 кг;https://imgproxy.sbermarket.ru/imgproxy/size-220-220/czM6Ly9jb250ZW50LWltYWdlcy1wcm9kL3Byb2R1Y3RzLzM2Njc5L29yaWdpbmFsLzEvMjAyMy0xMS0yNFQxNiUzQTMyJTNBMTkuMzY2OTc3JTJCMDAlM0EwMC8zNjY3OV8xLmpwZw==.jpg;https://imgproxy.sbermarket.ru/imgproxy/size-220-220-2x/czM6Ly9jb250ZW50LWltYWdlcy1wcm9kL3Byb2R1Y3RzLzM2Njc5L29yaWdpbmFsLzEvMjAyMy0xMS0yNFQxNiUzQTMyJTNBMTkuMzY2OTc3JTJCMDAlM0EwMC8zNjY3OV8xLmpwZw==.jpg;Цена со скидкой за 1 шт.639,00 ₽;Цена без скидки за 1 шт.759,00 ₽
https://sbermarket.ru/metro/c/vkusnij-keshbek-dab32a4;;https://sbermarket.ru/metro/makaronnye-izdeliya-federici-rozhki-riflenye-056-500-g-b5b3c7f?sid=1;Макаронные изделия Federici Рожки рифленые № 056 500 г;https://imgproxy.sbermarket.ru/imgproxy/size-220-220/czM6Ly9jb250ZW50LWltYWdlcy1wcm9kL3Byb2R1Y3RzLzQ1MjMxMi9vcmlnaW5hbC8xLzIwMjMtMTEtMzBUMTglM0E1MiUzQTE5Ljc4NjgwNiUyQjAwJTNBMDAvNDUyMzEyXzEuanBn.jpg;https://imgproxy.sbermarket.ru/imgproxy/size-220-220-2x/czM6Ly9jb250ZW50LWltYWdlcy1wcm9kL3Byb2R1Y3RzLzQ1MjMxMi9vcmlnaW5hbC8xLzIwMjMtMTEtMzBUMTglM0E1MiUzQTE5Ljc4NjgwNiUyQjAwJTNBMDAvNDUyMzEyXzEuanBn.jpg;Цена со скидкой за 1 шт.54,90 ₽;Цена без скидки за 1 шт.89,90 ₽
https://sbermarket.ru/metro/c/vkusnij-keshbek-dab32a4;;https://sbermarket.ru/metro/kolbasa-syrokopchenaya-cherkizovo-sal-chichon-700-g?sid=1;Колбаса сырокопченая Черкизово Сальчичон ~700 г;https://imgproxy.sbermarket.ru/imgproxy/size-220-220/czM6Ly9jb250ZW50LWltYWdlcy1wcm9kL3Byb2R1Y3RzLzI5MjUxNDIxL29yaWdpbmFsLzEvMjAyMy0xMi0yNVQxNSUzQTM1JTNBMTIuNDA0NjYwJTJCMDAlM0EwMC8yOTI1MTQyMV8xLmpwZw==.jpg;https://imgproxy.sbermarket.ru/imgproxy/size-220-220-2x/czM6Ly9jb250ZW50LWltYWdlcy1wcm9kL3Byb2R1Y3RzLzI5MjUxNDIxL29yaWdpbmFsLzEvMjAyMy0xMi0yNVQxNSUzQTM1JTNBMTIuNDA0NjYwJTJCMDAlM0EwMC8yOTI1MTQyMV8xLmpwZw==.jpg;Цена со скидкой за 1 шт.692,30 ₽;Цена без скидки за 1 шт.930,30 ₽
https://sbermarket.ru/metro/c/vkusnij-keshbek-dab32a4;;https://sbermarket.ru/metro/chipsy-kartofel-nye-lorenz-naturals-klassicheskie-s-sol-yu-100-g-be0653d?sid=1;Чипсы картофельные Lorenz Naturals Классические с солью 100...;https://imgproxy.sbermarket.ru/imgproxy/size-220-220/czM6Ly9jb250ZW50LWltYWdlcy1wcm9kL3Byb2R1Y3RzLzE1NjgxOTEzL29yaWdpbmFsLzEvMjAyMy0xMS0zMFQxOCUzQTUzJTNBNTguNTk4MzMwJTJCMDAlM0EwMC8xNTY4MTkxM18xLmpwZw==.jpg;https://imgproxy.sbermarket.ru/imgproxy/size-220-220-2x/czM6Ly9jb250ZW50LWltYWdlcy1wcm9kL3Byb2R1Y3RzLzE1NjgxOTEzL29yaWdpbmFsLzEvMjAyMy0xMS0zMFQxOCUzQTUzJTNBNTguNTk4MzMwJTJCMDAlM0EwMC8xNTY4MTkxM18xLmpwZw==.jpg;Цена со скидкой за 1 шт.99,90 ₽;Цена без скидки за 1 шт.157,00 ₽
https://sbermarket.ru/metro/c/vkusnij-keshbek-dab32a4;;https://sbermarket.ru/metro/makaronnye-izdeliya-barilla-fusilli-98-450-g-61ecaa5?sid=1;Макаронные изделия Barilla Fusilli № 98 450 г;https://imgproxy.sbermarket.ru/imgproxy/size-220-220/czM6Ly9jb250ZW50LWltYWdlcy1wcm9kL3Byb2R1Y3RzLzIwOTE5OC9vcmlnaW5hbC8xLzIwMjMtMTEtMzBUMTglM0E0OCUzQTQ4LjIyODg0NCUyQjAwJTNBMDAvMjA5MTk4XzEuanBn.jpg;https://imgproxy.sbermarket.ru/imgproxy/size-220-220-2x/czM6Ly9jb250ZW50LWltYWdlcy1wcm9kL3Byb2R1Y3RzLzIwOTE5OC9vcmlnaW5hbC8xLzIwMjMtMTEtMzBUMTglM0E0OCUzQTQ4LjIyODg0NCUyQjAwJTNBMDAvMjA5MTk4XzEuanBn.jpg;Цена со скидкой за 1 шт.89,90 ₽;Цена без скидки за 1 шт.125,00 ₽
https://sbermarket.ru/metro/c/vkusnij-keshbek-dab32a4;;https://sbermarket.ru/metro/makaronnye-izdeliya-barilla-chifferi-rigati-41-450-g-a775f39?sid=1;Макаронные изделия Barilla Chifferi Rigati № 41 450 г;https://imgproxy.sbermarket.ru/imgproxy/size-220-220/czM6Ly9jb250ZW50LWltYWdlcy1wcm9kL3Byb2R1Y3RzLzI3MDYwNS9vcmlnaW5hbC8xLzIwMjMtMTEtMzBUMTglM0E1MyUzQTI1LjEyMjU4MSUyQjAwJTNBMDAvMjcwNjA1XzEuanBn.jpg;https://imgproxy.sbermarket.ru/imgproxy/size-220-220-2x/czM6Ly9jb250ZW50LWltYWdlcy1wcm9kL3Byb2R1Y3RzLzI3MDYwNS9vcmlnaW5hbC8xLzIwMjMtMTEtMzBUMTglM0E1MyUzQTI1LjEyMjU4MSUyQjAwJTNBMDAvMjcwNjA1XzEuanBn.jpg;Цена со скидкой за 1 шт.89,90 ₽;Цена без скидки за 1 шт.125,00 ₽
https://sbermarket.ru/metro/c/vkusnij-keshbek-dab32a4;;https://sbermarket.ru/metro/yabloki-golden-a861591?sid=1;Яблоки Голден;https://imgproxy.sbermarket.ru/imgproxy/size-220-220/czM6Ly9jb250ZW50LWltYWdlcy1wcm9kL3Byb2R1Y3RzLzkyNDg3L29yaWdpbmFsLzEvMjAyMy0xMS0yNFQxNiUzQTI0JTNBNTMuNDk4NjExJTJCMDAlM0EwMC85MjQ4N18xLmpwZw==.jpg;https://imgproxy.sbermarket.ru/imgproxy/size-220-220-2x/czM6Ly9jb250ZW50LWltYWdlcy1wcm9kL3Byb2R1Y3RzLzkyNDg3L29yaWdpbmFsLzEvMjAyMy0xMS0yNFQxNiUzQTI0JTNBNTMuNDk4NjExJTJCMDAlM0EwMC85MjQ4N18xLmpwZw==.jpg;Цена за 1 кг76,00 ₽;
https://sbermarket.ru/metro/c/vkusnij-keshbek-dab32a4;;https://sbermarket.ru/metro/yogurt-teos-grecheskiy-natural-nyy-2-bzmzh-140-g-19cbedb?sid=1;Йогурт Teos Греческий натуральный 2% БЗМЖ 140 г;https://imgproxy.sbermarket.ru/imgproxy/size-220-220/czM6Ly9jb250ZW50LWltYWdlcy1wcm9kL3Byb2R1Y3RzLzU5NDMxL29yaWdpbmFsLzEvMjAyMy0xMi0yN1QxNCUzQTM3JTNBNDAuODYzNzEwJTJCMDAlM0EwMC81OTQzMV8xLmpwZw==.jpg;https://imgproxy.sbermarket.ru/imgproxy/size-220-220-2x/czM6Ly9jb250ZW50LWltYWdlcy1wcm9kL3Byb2R1Y3RzLzU5NDMxL29yaWdpbmFsLzEvMjAyMy0xMi0yN1QxNCUzQTM3JTNBNDAuODYzNzEwJTJCMDAlM0EwMC81OTQzMV8xLmpwZw==.jpg;Цена за 1 шт.45,49 ₽;
https://sbermarket.ru/metro/c/vkusnij-keshbek-dab32a4;;https://sbermarket.ru/metro/chay-chernyy-greenfield-golden-ceylon-v-paketikah-2-g-h-100-sht-57eb288?sid=1;Чай черный Greenfield Golden Ceylon в пакетиках 2 г х 100 шт;https://imgproxy.sbermarket.ru/imgproxy/size-220-220/czM6Ly9jb250ZW50LWltYWdlcy1wcm9kL3Byb2R1Y3RzLzE2NTYzL29yaWdpbmFsLzEvMjAyMy0xMS0yNFQxNiUzQTI0JTNBNTIuNDE0MTUyJTJCMDAlM0EwMC8xNjU2M18xLmpwZw==.jpg;https://imgproxy.sbermarket.ru/imgproxy/size-220-220-2x/czM6Ly9jb250ZW50LWltYWdlcy1wcm9kL3Byb2R1Y3RzLzE2NTYzL29yaWdpbmFsLzEvMjAyMy0xMS0yNFQxNiUzQTI0JTNBNTIuNDE0MTUyJTJCMDAlM0EwMC8xNjU2M18xLmpwZw==.jpg;Цена со скидкой за 1 шт.329,00 ₽;Цена без скидки за 1 шт.359,00 ₽
https://sbermarket.ru/metro/c/vkusnij-keshbek-dab32a4;;https://sbermarket.ru/metro/pirozhnoe-kinder-pingui-shokolad-30-g-e234f36?sid=1;Пирожное Kinder Pingui Шоколад 30 г;https://imgproxy.sbermarket.ru/imgproxy/size-220-220/czM6Ly9jb250ZW50LWltYWdlcy1wcm9kL3Byb2R1Y3RzLzEwMjg2L29yaWdpbmFsLzEvMjAyMy0xMS0yNFQxNiUzQTQ1JTNBNTAuMTU4NDQ5JTJCMDAlM0EwMC8xMDI4Nl8xLmpwZw==.jpg;https://imgproxy.sbermarket.ru/imgproxy/size-220-220-2x/czM6Ly9jb250ZW50LWltYWdlcy1wcm9kL3Byb2R1Y3RzLzEwMjg2L29yaWdpbmFsLzEvMjAyMy0xMS0yNFQxNiUzQTQ1JTNBNTAuMTU4NDQ5JTJCMDAlM0EwMC8xMDI4Nl8xLmpwZw==.jpg;Цена за 1 шт.59,90 ₽;
https://sbermarket.ru/metro/c/vkusnij-keshbek-dab32a4;;https://sbermarket.ru/metro/moloko-1-5-ul-trapasterizovannoe-1-l-ekoniva-professional-line-bzmzh-a6e4793?sid=1;Молоко 1,5% ультрапастеризованное 1 л ЭкоНива Professional...;https://imgproxy.sbermarket.ru/imgproxy/size-220-220/czM6Ly9jb250ZW50LWltYWdlcy1wcm9kL3Byb2R1Y3RzLzQwNDM1MC9vcmlnaW5hbC8xLzIwMjMtMTEtMzBUMTklM0EwMiUzQTUyLjk5NTgyOCUyQjAwJTNBMDAvNDA0MzUwXzEuanBn.jpg;https://imgproxy.sbermarket.ru/imgproxy/size-220-220-2x/czM6Ly9jb250ZW50LWltYWdlcy1wcm9kL3Byb2R1Y3RzLzQwNDM1MC9vcmlnaW5hbC8xLzIwMjMtMTEtMzBUMTklM0EwMiUzQTUyLjk5NTgyOCUyQjAwJTNBMDAvNDA0MzUwXzEuanBn.jpg;Цена за 1 шт.87,90 ₽;
https://sbermarket.ru/metro/c/vkusnij-keshbek-dab32a4;;https://sbermarket.ru/metro/krevetki-okean-vkusa-26-30-tigrovye-bez-golovy-svezhemorozhenye-850-g-f27ae42?sid=1;Креветки Океан Вкуса 26/30 тигровые без головы...;https://imgproxy.sbermarket.ru/imgproxy/size-220-220/czM6Ly9jb250ZW50LWltYWdlcy1wcm9kL3Byb2R1Y3RzLzQ2ODU5L29yaWdpbmFsLzEvMjAyMy0xMS0yNFQxNiUzQTM0JTNBMzkuNzc5ODcyJTJCMDAlM0EwMC80Njg1OV8xLmpwZw==.jpg;https://imgproxy.sbermarket.ru/imgproxy/size-220-220-2x/czM6Ly9jb250ZW50LWltYWdlcy1wcm9kL3Byb2R1Y3RzLzQ2ODU5L29yaWdpbmFsLzEvMjAyMy0xMS0yNFQxNiUzQTM0JTNBMzkuNzc5ODcyJTJCMDAlM0EwMC80Njg1OV8xLmpwZw==.jpg;Цена со скидкой за 1 шт.999,00 ₽;Цена без скидки за 1 шт.1 139,00 ₽
https://sbermarket.ru/metro/c/vkusnij-keshbek-dab32a4;;https://sbermarket.ru/metro/krevetki-okean-vkusa-16-20-tigrovye-bez-golovy-svezhemorozhenye-850-g-a20309a?sid=1;Креветки Океан Вкуса 16/20 тигровые без головы...;https://imgproxy.sbermarket.ru/imgproxy/size-220-220/czM6Ly9jb250ZW50LWltYWdlcy1wcm9kL3Byb2R1Y3RzLzQ2ODUwL29yaWdpbmFsLzEvMjAyMy0xMS0yNFQxNiUzQTM0JTNBMzkuNTg1MDM4JTJCMDAlM0EwMC80Njg1MF8xLmpwZw==.jpg;https://imgproxy.sbermarket.ru/imgproxy/size-220-220-2x/czM6Ly9jb250ZW50LWltYWdlcy1wcm9kL3Byb2R1Y3RzLzQ2ODUwL29yaWdpbmFsLzEvMjAyMy0xMS0yNFQxNiUzQTM0JTNBMzkuNTg1MDM4JTJCMDAlM0EwMC80Njg1MF8xLmpwZw==.jpg;Цена со скидкой за 1 шт.1 099,00 ₽;Цена без скидки за 1 шт.1 309,00 ₽
https://sbermarket.ru/metro/c/vkusnij-keshbek-dab32a4;;https://sbermarket.ru/metro/pechenie-orion-choco-boy-biskvitnoe-45-g-2d87965?sid=1;Печенье Orion Choco Boy бисквитное 45 г;https://imgproxy.sbermarket.ru/imgproxy/size-220-220/czM6Ly9jb250ZW50LWltYWdlcy1wcm9kL3Byb2R1Y3RzLzE4NjUzMTUwL29yaWdpbmFsLzEvMjAyMy0xMS0yOFQxNyUzQTQ0JTNBMDguNTgxMTE0JTJCMDAlM0EwMC8xODY1MzE1MF8xLmpwZw==.jpg;https://imgproxy.sbermarket.ru/imgproxy/size-220-220-2x/czM6Ly9jb250ZW50LWltYWdlcy1wcm9kL3Byb2R1Y3RzLzE4NjUzMTUwL29yaWdpbmFsLzEvMjAyMy0xMS0yOFQxNyUzQTQ0JTNBMDguNTgxMTE0JTJCMDAlM0EwMC8xODY1MzE1MF8xLmpwZw==.jpg;Цена за 1 шт.53,90 ₽;
https://sbermarket.ru/metro/c/vkusnij-keshbek-dab32a4;;https://sbermarket.ru/metro/syrnyy-produkt-rassol-nyy-sirtaki-original-55-200-g-ec4c30f?sid=1;Сырный продукт рассольный Сиртаки Original 55% 200 г;https://imgproxy.sbermarket.ru/imgproxy/size-220-220/czM6Ly9jb250ZW50LWltYWdlcy1wcm9kL3Byb2R1Y3RzLzE1OTI1MTYvb3JpZ2luYWwvMS8yMDIzLTExLTMwVDE4JTNBNDglM0E0MS4yNjY0NzYlMkIwMCUzQTAwLzE1OTI1MTZfMS5qcGc=.jpg;https://imgproxy.sbermarket.ru/imgproxy/size-220-220-2x/czM6Ly9jb250ZW50LWltYWdlcy1wcm9kL3Byb2R1Y3RzLzE1OTI1MTYvb3JpZ2luYWwvMS8yMDIzLTExLTMwVDE4JTNBNDglM0E0MS4yNjY0NzYlMkIwMCUzQTAwLzE1OTI1MTZfMS5qcGc=.jpg;Цена за 1 шт.120,00 ₽;
https://sbermarket.ru/metro/c/vkusnij-keshbek-dab32a4;;https://sbermarket.ru/metro/kefir-prostokvashino-2-5-bzmzh-930-ml-0d7e83a?sid=1;Кефир Простоквашино 2,5% БЗМЖ 930 мл;https://imgproxy.sbermarket.ru/imgproxy/size-220-220/czM6Ly9jb250ZW50LWltYWdlcy1wcm9kL3Byb2R1Y3RzLzEwMDYxL29yaWdpbmFsLzEvMjAyNC0wMi0xNlQxNiUzQTQyJTNBNDcuNTg2NzgyJTJCMDAlM0EwMC8xMDA2MV8xLmpwZw==.jpg;https://imgproxy.sbermarket.ru/imgproxy/size-220-220-2x/czM6Ly9jb250ZW50LWltYWdlcy1wcm9kL3Byb2R1Y3RzLzEwMDYxL29yaWdpbmFsLzEvMjAyNC0wMi0xNlQxNiUzQTQyJTNBNDcuNTg2NzgyJTJCMDAlM0EwMC8xMDA2MV8xLmpwZw==.jpg;Цена за 1 шт.89,90 ₽;
https://sbermarket.ru/metro/c/vkusnij-keshbek-dab32a4;;https://sbermarket.ru/metro/yogurt-epica-bouquet-golubika-lavanda-4-8-bzmzh-130-g-d0713f8?sid=1;Йогурт Epica Bouquet голубика-лаванда 4,8% БЗМЖ 130 г;https://imgproxy.sbermarket.ru/imgproxy/size-220-220/czM6Ly9jb250ZW50LWltYWdlcy1wcm9kL3Byb2R1Y3RzLzEwMTkwMC9vcmlnaW5hbC8xLzIwMjMtMTEtMjRUMTYlM0E0NSUzQTE5LjYyMTM1NyUyQjAwJTNBMDAvMTAxOTAwXzEuanBn.jpg;https://imgproxy.sbermarket.ru/imgproxy/size-220-220-2x/czM6Ly9jb250ZW50LWltYWdlcy1wcm9kL3Byb2R1Y3RzLzEwMTkwMC9vcmlnaW5hbC8xLzIwMjMtMTEtMjRUMTYlM0E0NSUzQTE5LjYyMTM1NyUyQjAwJTNBMDAvMTAxOTAwXzEuanBn.jpg;Цена за 1 шт.56,90 ₽;
https://sbermarket.ru/metro/c/vkusnij-keshbek-dab32a4;;https://sbermarket.ru/metro/krabovye-palochki-vici-ohlazhdennye-200-g-230e4d0?sid=1;Крабовые палочки Vici охлажденные 200 г;https://imgproxy.sbermarket.ru/imgproxy/size-220-220/czM6Ly9jb250ZW50LWltYWdlcy1wcm9kL3Byb2R1Y3RzLzc3NjI3My9vcmlnaW5hbC8xLzIwMjMtMTEtMzBUMTklM0EwMyUzQTQ4LjczMjM0MSUyQjAwJTNBMDAvNzc2MjczXzEuanBn.jpg;https://imgproxy.sbermarket.ru/imgproxy/size-220-220-2x/czM6Ly9jb250ZW50LWltYWdlcy1wcm9kL3Byb2R1Y3RzLzc3NjI3My9vcmlnaW5hbC8xLzIwMjMtMTEtMzBUMTklM0EwMyUzQTQ4LjczMjM0MSUyQjAwJTNBMDAvNzc2MjczXzEuanBn.jpg;Цена за 1 шт.167,00 ₽;
https://sbermarket.ru/metro/c/vkusnij-keshbek-dab32a4;;https://sbermarket.ru/metro/krevetki-buhta-izobiliya-korolevskie-varenye-zamorozhennye-500-g-c3ff60b?sid=1;Креветки Бухта Изобилия королевские вареные замороженные...;https://imgproxy.sbermarket.ru/imgproxy/size-220-220/czM6Ly9jb250ZW50LWltYWdlcy1wcm9kL3Byb2R1Y3RzLzk0Njk0L29yaWdpbmFsLzEvMjAyMy0xMS0yNFQxNiUzQTI1JTNBNTIuNTAyNjYyJTJCMDAlM0EwMC85NDY5NF8xLmpwZw==.jpg;https://imgproxy.sbermarket.ru/imgproxy/size-220-220-2x/czM6Ly9jb250ZW50LWltYWdlcy1wcm9kL3Byb2R1Y3RzLzk0Njk0L29yaWdpbmFsLzEvMjAyMy0xMS0yNFQxNiUzQTI1JTNBNTIuNTAyNjYyJTJCMDAlM0EwMC85NDY5NF8xLmpwZw==.jpg;Цена за 1 шт.1 079,00 ₽;
https://sbermarket.ru/metro/c/vkusnij-keshbek-dab32a4;;https://sbermarket.ru/metro/pirozhnoe-lafinele-trubochka-vafel-naya-s-varenoy-sguschenkoy-bzmzh-70-g-5b14bcb?sid=1;Пирожное Lafinele Трубочка вафельная с вареной сгущенкой...;https://imgproxy.sbermarket.ru/imgproxy/size-220-220/czM6Ly9jb250ZW50LWltYWdlcy1wcm9kL3Byb2R1Y3RzLzM2MzU1MS9vcmlnaW5hbC8xLzIwMjMtMTEtMzBUMTklM0EwMSUzQTI5LjE3NzEwMyUyQjAwJTNBMDAvMzYzNTUxXzEuanBn.jpg;https://imgproxy.sbermarket.ru/imgproxy/size-220-220-2x/czM6Ly9jb250ZW50LWltYWdlcy1wcm9kL3Byb2R1Y3RzLzM2MzU1MS9vcmlnaW5hbC8xLzIwMjMtMTEtMzBUMTklM0EwMSUzQTI5LjE3NzEwMyUyQjAwJTNBMDAvMzYzNTUxXzEuanBn.jpg;Цена за 1 шт.42,99 ₽;
https://sbermarket.ru/metro/c/vkusnij-keshbek-dab32a4;;https://sbermarket.ru/metro/krevetki-polar-70-90-varenye-zamorozhennye-1-kg-5d0826b?sid=1;Креветки Polar 70/90 вареные замороженные 1 кг;https://imgproxy.sbermarket.ru/imgproxy/size-220-220/czM6Ly9jb250ZW50LWltYWdlcy1wcm9kL3Byb2R1Y3RzLzQxOTY5L29yaWdpbmFsLzEvMjAyMy0xMS0yNFQxNiUzQTMxJTNBNTguOTM0NTc4JTJCMDAlM0EwMC80MTk2OV8xLmpwZw==.jpg;https://imgproxy.sbermarket.ru/imgproxy/size-220-220-2x/czM6Ly9jb250ZW50LWltYWdlcy1wcm9kL3Byb2R1Y3RzLzQxOTY5L29yaWdpbmFsLzEvMjAyMy0xMS0yNFQxNiUzQTMxJTNBNTguOTM0NTc4JTJCMDAlM0EwMC80MTk2OV8xLmpwZw==.jpg;Цена за 1 шт.1 349,00 ₽;
https://sbermarket.ru/metro/c/vkusnij-keshbek-dab32a4;;https://sbermarket.ru/metro/pel-meni-sibirskaya-kollektsiya-mini-s-telyatinoy-700-g-df18be7?sid=1;Пельмени Сибирская Коллекция мини с телятиной 700 г;https://imgproxy.sbermarket.ru/imgproxy/size-220-220/czM6Ly9jb250ZW50LWltYWdlcy1wcm9kL3Byb2R1Y3RzLzQyNDk2L29yaWdpbmFsLzEvMjAyMy0xMS0yNFQxNiUzQTMyJTNBNDQuNTM1MDQxJTJCMDAlM0EwMC80MjQ5Nl8xLmpwZw==.jpg;https://imgproxy.sbermarket.ru/imgproxy/size-220-220-2x/czM6Ly9jb250ZW50LWltYWdlcy1wcm9kL3Byb2R1Y3RzLzQyNDk2L29yaWdpbmFsLzEvMjAyMy0xMS0yNFQxNiUzQTMyJTNBNDQuNTM1MDQxJTJCMDAlM0EwMC80MjQ5Nl8xLmpwZw==.jpg;Цена за 1 шт.589,00 ₽;
https://sbermarket.ru/metro/c/vkusnij-keshbek-dab32a4;;https://sbermarket.ru/metro/pel-meni-sibirskaya-kollektsiya-4-vida-myasa-700-g-4349941?sid=1;Пельмени Сибирская Коллекция 4 вида мяса 700 г;https://imgproxy.sbermarket.ru/imgproxy/size-220-220/czM6Ly9jb250ZW50LWltYWdlcy1wcm9kL3Byb2R1Y3RzLzEwOTg4Ny9vcmlnaW5hbC8xLzIwMjMtMTEtMjRUMTYlM0E1MCUzQTQ1LjA5NzU2OCUyQjAwJTNBMDAvMTA5ODg3XzEuanBn.jpg;https://imgproxy.sbermarket.ru/imgproxy/size-220-220-2x/czM6Ly9jb250ZW50LWltYWdlcy1wcm9kL3Byb2R1Y3RzLzEwOTg4Ny9vcmlnaW5hbC8xLzIwMjMtMTEtMjRUMTYlM0E1MCUzQTQ1LjA5NzU2OCUyQjAwJTNBMDAvMTA5ODg3XzEuanBn.jpg;Цена за 1 шт.459,00 ₽;
https://sbermarket.ru/metro/c/vkusnij-keshbek-dab32a4;;https://sbermarket.ru/metro/pel-meni-sibirskaya-kollektsiya-sibirskie-s-myasom-700-g-6dbe595?sid=1;Пельмени Сибирская Коллекция Сибирские с мясом 700 г;https://imgproxy.sbermarket.ru/imgproxy/size-220-220/czM6Ly9jb250ZW50LWltYWdlcy1wcm9kL3Byb2R1Y3RzLzQyNDk5L29yaWdpbmFsLzEvMjAyMy0xMS0yNFQxNiUzQTMyJTNBNDQuNzAyMTczJTJCMDAlM0EwMC80MjQ5OV8xLmpwZw==.jpg;https://imgproxy.sbermarket.ru/imgproxy/size-220-220-2x/czM6Ly9jb250ZW50LWltYWdlcy1wcm9kL3Byb2R1Y3RzLzQyNDk5L29yaWdpbmFsLzEvMjAyMy0xMS0yNFQxNiUzQTMyJTNBNDQuNzAyMTczJTJCMDAlM0EwMC80MjQ5OV8xLmpwZw==.jpg;Цена за 1 шт.589,00 ₽;
https://sbermarket.ru/lenta/c/priedlozhieniia;;https://sbermarket.ru/lenta/vodka-onegin-700-ml-6bd2eb9?sid=57;Водка Онегин 700 мл;https://sbermarket.ru/_next/static/media/adult-warning-ca7fc32e.svg;;Цена со скидкой за 1 шт.1 379,99 ₽;Цена без скидки за 1 шт.2 010,59 ₽
https://sbermarket.ru/lenta/c/priedlozhieniia;;https://sbermarket.ru/lenta/vino-lyhny-krasnoe-polusladkoe-750-ml-abhaziya-c39fe7c?sid=57;Вино Лыхны красное полусладкое 750 мл Абхазия;https://sbermarket.ru/_next/static/media/adult-warning-ca7fc32e.svg;;Цена со скидкой за 1 шт.499,99 ₽;Цена без скидки за 1 шт.631,59 ₽
https://sbermarket.ru/lenta/c/priedlozhieniia;;https://sbermarket.ru/lenta/vino-igristoe-mondoro-beloe-sladkoe-750-ml-italiya-93ed2c3?sid=57;Вино игристое Mondoro белое сладкое 750 мл Италия;https://sbermarket.ru/_next/static/media/adult-warning-ca7fc32e.svg;;Цена со скидкой за 1 шт.1 059,99 ₽;Цена без скидки за 1 шт.1 842,19 ₽
https://sbermarket.ru/lenta/c/priedlozhieniia;;https://sbermarket.ru/lenta/pivo-kulmbacher-edelherb-pils-svetloe-5-l-732c8d7?sid=57;Пиво Kulmbacher Edelherb Pils светлое 5 л;https://sbermarket.ru/_next/static/media/adult-warning-ca7fc32e.svg;;Цена со скидкой за 1 шт.1 599,99 ₽;Цена без скидки за 1 шт.1 999,99 ₽
https://sbermarket.ru/lenta/c/priedlozhieniia;;https://sbermarket.ru/lenta/sidr-bon-season-yablochnyy-belyy-sladkiy-430-ml-rossiya-4d13313?sid=57;Сидр Bon Season яблочный белый сладкий 430 мл Россия;https://sbermarket.ru/_next/static/media/adult-warning-ca7fc32e.svg;;Цена со скидкой за 1 шт.69,99 ₽;Цена без скидки за 1 шт.94,79 ₽
https://sbermarket.ru/lenta/c/priedlozhieniia;;https://sbermarket.ru/lenta/banany-d94c6de?sid=57;Бананы;https://imgproxy.sbermarket.ru/imgproxy/size-220-220/czM6Ly9jb250ZW50LWltYWdlcy1wcm9kL3Byb2R1Y3RzLzEwNzEyL29yaWdpbmFsLzEvMjAyMi0wOC0yM1QyMiUzQTU4JTNBMjcuNzUyMDAwJTJCMDAlM0EwMC8xMDcxMl8xLmpwZw==.jpg;https://imgproxy.sbermarket.ru/imgproxy/size-220-220-2x/czM6Ly9jb250ZW50LWltYWdlcy1wcm9kL3Byb2R1Y3RzLzEwNzEyL29yaWdpbmFsLzEvMjAyMi0wOC0yM1QyMiUzQTU4JTNBMjcuNzUyMDAwJTJCMDAlM0EwMC8xMDcxMl8xLmpwZw==.jpg;Цена со скидкой за 1 кг70,00 ₽;Цена без скидки за 1 кг89,50 ₽
https://sbermarket.ru/lenta/c/priedlozhieniia;;https://sbermarket.ru/lenta/batonchik-snickers-super-shokoladnyy-s-nugoy-karamel-yu-arahisom-80-g-ad1c846?sid=57;Батончик Snickers Super шоколадный с...;https://imgproxy.sbermarket.ru/imgproxy/size-220-220/czM6Ly9jb250ZW50LWltYWdlcy1wcm9kL3Byb2R1Y3RzLzE1ODg3NjIzL29yaWdpbmFsLzEvMjAyMy0xMS0zMFQxOCUzQTQ3JTNBNDEuMzA1MzgxJTJCMDAlM0EwMC8xNTg4NzYyM18xLmpwZw==.jpg;https://imgproxy.sbermarket.ru/imgproxy/size-220-220-2x/czM6Ly9jb250ZW50LWltYWdlcy1wcm9kL3Byb2R1Y3RzLzE1ODg3NjIzL29yaWdpbmFsLzEvMjAyMy0xMS0zMFQxOCUzQTQ3JTNBNDEuMzA1MzgxJTJCMDAlM0EwMC8xNTg4NzYyM18xLmpwZw==.jpg;Цена со скидкой за 1 шт.59,99 ₽;Цена без скидки за 1 шт.78,99 ₽
https://sbermarket.ru/lenta/c/priedlozhieniia;;https://sbermarket.ru/lenta/moloko-3-2-ul-trapasterizovannoe-925-ml-domik-v-derevne-bzmzh-9633c8d?sid=57;Молоко 3,2% ультрапастеризованное 925 мл Домик в деревне...;https://imgproxy.sbermarket.ru/imgproxy/size-220-220/czM6Ly9jb250ZW50LWltYWdlcy1wcm9kL3Byb2R1Y3RzLzEwMTc2L29yaWdpbmFsLzEvMjAyMy0xMS0yNFQxNiUzQTQ1JTNBMTUuMzA4ODMxJTJCMDAlM0EwMC8xMDE3Nl8xLmpwZw==.jpg;https://imgproxy.sbermarket.ru/imgproxy/size-220-220-2x/czM6Ly9jb250ZW50LWltYWdlcy1wcm9kL3Byb2R1Y3RzLzEwMTc2L29yaWdpbmFsLzEvMjAyMy0xMS0yNFQxNiUzQTQ1JTNBMTUuMzA4ODMxJTJCMDAlM0EwMC8xMDE3Nl8xLmpwZw==.jpg;Цена со скидкой за 1 шт.79,99 ₽;Цена без скидки за 1 шт.109,49 ₽
https://sbermarket.ru/lenta/c/priedlozhieniia;;https://sbermarket.ru/lenta/golen-kurinaya-s-kozhey-petelinka-ohlazhdennaya-800-g-564db7a?sid=57;Голень куриная с кожей Петелинка охлажденная ~800 г;https://imgproxy.sbermarket.ru/imgproxy/size-220-220/czM6Ly9jb250ZW50LWltYWdlcy1wcm9kL3Byb2R1Y3RzLzE1MTg1L29yaWdpbmFsLzEvMjAyMy0xMS0yNFQxNiUzQTIzJTNBNTkuOTk4NzAxJTJCMDAlM0EwMC8xNTE4NV8xLmpwZw==.jpg;https://imgproxy.sbermarket.ru/imgproxy/size-220-220-2x/czM6Ly9jb250ZW50LWltYWdlcy1wcm9kL3Byb2R1Y3RzLzE1MTg1L29yaWdpbmFsLzEvMjAyMy0xMS0yNFQxNiUzQTIzJTNBNTkuOTk4NzAxJTJCMDAlM0EwMC8xNTE4NV8xLmpwZw==.jpg;Цена со скидкой за 1 шт.239,99 ₽;Цена без скидки за 1 шт.269,51 ₽
https://sbermarket.ru/lenta/c/priedlozhieniia;;https://sbermarket.ru/lenta/makaronnye-izdeliya-shebekinskie-343-per-ya-450-g-19d150c?sid=57;Макаронные изделия Шебекинские № 343 Перья 450 г;https://imgproxy.sbermarket.ru/imgproxy/size-220-220/czM6Ly9jb250ZW50LWltYWdlcy1wcm9kL3Byb2R1Y3RzLzMzODk1L29yaWdpbmFsLzEvMjAyMi0wOC0yMlQyMSUzQTIyJTNBMjguNzg4MDAwJTJCMDAlM0EwMC8zMzg5NV8xLmpwZw==.jpg;https://imgproxy.sbermarket.ru/imgproxy/size-220-220-2x/czM6Ly9jb250ZW50LWltYWdlcy1wcm9kL3Byb2R1Y3RzLzMzODk1L29yaWdpbmFsLzEvMjAyMi0wOC0yMlQyMSUzQTIyJTNBMjguNzg4MDAwJTJCMDAlM0EwMC8zMzg5NV8xLmpwZw==.jpg;Цена со скидкой за 1 шт.46,54 ₽;Цена без скидки за 1 шт.76,89 ₽
https://sbermarket.ru/lenta/c/priedlozhieniia;;https://sbermarket.ru/lenta/tarallini-nina-farina-s-chesnokom-180-g-f97d469?sid=57;Тараллини Nina Farina с чесноком 180 г;https://imgproxy.sbermarket.ru/imgproxy/size-220-220/czM6Ly9jb250ZW50LWltYWdlcy1wcm9kL3Byb2R1Y3RzLzIwNDAzOS9vcmlnaW5hbC8xLzIwMjItMDgtMjJUMTQlM0EzMCUzQTQ2LjI2OTAwMCUyQjAwJTNBMDAvMjA0MDM5XzEuanBn.jpg;https://imgproxy.sbermarket.ru/imgproxy/size-220-220-2x/czM6Ly9jb250ZW50LWltYWdlcy1wcm9kL3Byb2R1Y3RzLzIwNDAzOS9vcmlnaW5hbC8xLzIwMjItMDgtMjJUMTQlM0EzMCUzQTQ2LjI2OTAwMCUyQjAwJTNBMDAvMjA0MDM5XzEuanBn.jpg;Цена со скидкой за 1 шт.50,25 ₽;Цена без скидки за 1 шт.73,69 ₽
https://sbermarket.ru/lenta/c/priedlozhieniia;;https://sbermarket.ru/lenta/ovoschnaya-smes-vitamin-ispanskaya-v-souse-riveyra-svezhezamorozhennaya-400-g-01869f6?sid=57;Овощная смесь Vитамин Испанская в соусе ривейра...;https://imgproxy.sbermarket.ru/imgproxy/size-220-220/czM6Ly9jb250ZW50LWltYWdlcy1wcm9kL3Byb2R1Y3RzLzQyMTc0L29yaWdpbmFsLzEvMjAyMy0xMS0yNFQxNiUzQTMyJTNBMTIuOTc0MDQ5JTJCMDAlM0EwMC80MjE3NF8xLmpwZw==.jpg;https://imgproxy.sbermarket.ru/imgproxy/size-220-220-2x/czM6Ly9jb250ZW50LWltYWdlcy1wcm9kL3Byb2R1Y3RzLzQyMTc0L29yaWdpbmFsLzEvMjAyMy0xMS0yNFQxNiUzQTMyJTNBMTIuOTc0MDQ5JTJCMDAlM0EwMC80MjE3NF8xLmpwZw==.jpg;Цена со скидкой за 1 шт.189,99 ₽;Цена без скидки за 1 шт.199,99 ₽
https://sbermarket.ru/lenta/c/priedlozhieniia;;https://sbermarket.ru/lenta/gazirovannyy-napitok-chernogolovka-kola-bez-sahara-2-l-38c0a95?sid=57;Газированный напиток Черноголовка Кола без сахара 2 л;https://imgproxy.sbermarket.ru/imgproxy/size-220-220/czM6Ly9jb250ZW50LWltYWdlcy1wcm9kL3Byb2R1Y3RzLzIxOTA0ODcyL29yaWdpbmFsLzEvMjAyMy0xMS0yOFQxNyUzQTU3JTNBMDYuMTUwODk3JTJCMDAlM0EwMC8yMTkwNDg3Ml8xLmpwZw==.jpg;https://imgproxy.sbermarket.ru/imgproxy/size-220-220-2x/czM6Ly9jb250ZW50LWltYWdlcy1wcm9kL3Byb2R1Y3RzLzIxOTA0ODcyL29yaWdpbmFsLzEvMjAyMy0xMS0yOFQxNyUzQTU3JTNBMDYuMTUwODk3JTJCMDAlM0EwMC8yMTkwNDg3Ml8xLmpwZw==.jpg;Цена со скидкой за 1 шт.103,55 ₽;Цена без скидки за 1 шт.173,69 ₽
https://sbermarket.ru/lenta/c/priedlozhieniia;;https://sbermarket.ru/lenta/mayonez-skit-provansal-67-400-ml-46967d9?sid=57;Майонез Скит Провансаль 67% 400 мл;https://imgproxy.sbermarket.ru/imgproxy/size-220-220/czM6Ly9jb250ZW50LWltYWdlcy1wcm9kL3Byb2R1Y3RzLzQ4MDE3L29yaWdpbmFsLzEvMjAyMi0wOC0yM1QxNSUzQTA1JTNBMjYuMDMyMDAwJTJCMDAlM0EwMC80ODAxN18xLmpwZw==.jpg;https://imgproxy.sbermarket.ru/imgproxy/size-220-220-2x/czM6Ly9jb250ZW50LWltYWdlcy1wcm9kL3Byb2R1Y3RzLzQ4MDE3L29yaWdpbmFsLzEvMjAyMi0wOC0yM1QxNSUzQTA1JTNBMjYuMDMyMDAwJTJCMDAlM0EwMC80ODAxN18xLmpwZw==.jpg;Цена со скидкой за 1 шт.79,79 ₽;Цена без скидки за 1 шт.109,19 ₽
https://sbermarket.ru/lenta/c/priedlozhieniia;;https://sbermarket.ru/lenta/konfety-gril-yazhnye-krokant-glazirovannye-180-g-72ebf5c?sid=57;Конфеты грильяжные Крокант глазированные 180 г;https://imgproxy.sbermarket.ru/imgproxy/size-220-220/czM6Ly9jb250ZW50LWltYWdlcy1wcm9kL3Byb2R1Y3RzLzQ5ODM5L29yaWdpbmFsLzEvMjAyMy0xMC0xM1QxMyUzQTI4JTNBMDUuNTUxMDUxJTJCMDAlM0EwMC80OTgzOV8xLmpwZw==.jpg;https://imgproxy.sbermarket.ru/imgproxy/size-220-220-2x/czM6Ly9jb250ZW50LWltYWdlcy1wcm9kL3Byb2R1Y3RzLzQ5ODM5L29yaWdpbmFsLzEvMjAyMy0xMC0xM1QxMyUzQTI4JTNBMDUuNTUxMDUxJTJCMDAlM0EwMC80OTgzOV8xLmpwZw==.jpg;Цена со скидкой за 1 шт.66,49 ₽;Цена без скидки за 1 шт.99,99 ₽
https://sbermarket.ru/lenta/c/priedlozhieniia;;https://sbermarket.ru/lenta/chipsy-kartofel-nye-lay-s-bekon-95-g-789ba9a?sid=57;Чипсы картофельные Lay's бекон 95 г;https://imgproxy.sbermarket.ru/imgproxy/size-220-220/czM6Ly9jb250ZW50LWltYWdlcy1wcm9kL3Byb2R1Y3RzLzIyNzkzMDU4L29yaWdpbmFsLzEvMjAyNC0wMS0xOFQxMyUzQTA1JTNBMzUuNzUwMDIzJTJCMDAlM0EwMC8yMjc5MzA1OF8xLmpwZw==.jpg;https://imgproxy.sbermarket.ru/imgproxy/size-220-220-2x/czM6Ly9jb250ZW50LWltYWdlcy1wcm9kL3Byb2R1Y3RzLzIyNzkzMDU4L29yaWdpbmFsLzEvMjAyNC0wMS0xOFQxMyUzQTA1JTNBMzUuNzUwMDIzJTJCMDAlM0EwMC8yMjc5MzA1OF8xLmpwZw==.jpg;Цена со скидкой за 1 шт.120,07 ₽;Цена без скидки за 1 шт.126,39 ₽
https://sbermarket.ru/lenta/c/priedlozhieniia;;https://sbermarket.ru/lenta/kofe-poetti-daily-classic-crema-zernovoy-1-kg-1b96e8b?sid=57;Кофе Poetti Daily Classic Crema зерновой 1 кг;https://imgproxy.sbermarket.ru/imgproxy/size-220-220/czM6Ly9jb250ZW50LWltYWdlcy1wcm9kL3Byb2R1Y3RzLzIwNzYwMDE1L29yaWdpbmFsLzEvMjAyNC0wMi0yMFQwNyUzQTQ5JTNBMjIuNjUyNDgxJTJCMDAlM0EwMC8yMDc2MDAxNV8xLmpwZw==.jpg;https://imgproxy.sbermarket.ru/imgproxy/size-220-220-2x/czM6Ly9jb250ZW50LWltYWdlcy1wcm9kL3Byb2R1Y3RzLzIwNzYwMDE1L29yaWdpbmFsLzEvMjAyNC0wMi0yMFQwNyUzQTQ5JTNBMjIuNjUyNDgxJTJCMDAlM0EwMC8yMDc2MDAxNV8xLmpwZw==.jpg;Цена со скидкой за 1 шт.978,49 ₽;Цена без скидки за 1 шт.1 699,99 ₽
https://sbermarket.ru/lenta/c/priedlozhieniia;;https://sbermarket.ru/lenta/syr-tverdyy-lenta-parmezan-45-250-g-72411c3?sid=57;Сыр твердый Лента Пармезан 45% 250 г;https://imgproxy.sbermarket.ru/imgproxy/size-220-220/czM6Ly9jb250ZW50LWltYWdlcy1wcm9kL3Byb2R1Y3RzLzEwNDk4OC9vcmlnaW5hbC8xLzIwMjItMDgtMTZUMjElM0E1MyUzQTM3Ljk5OTAwMCUyQjAwJTNBMDAvMTA0OTg4XzEuanBn.jpg;https://imgproxy.sbermarket.ru/imgproxy/size-220-220-2x/czM6Ly9jb250ZW50LWltYWdlcy1wcm9kL3Byb2R1Y3RzLzEwNDk4OC9vcmlnaW5hbC8xLzIwMjItMDgtMTZUMjElM0E1MyUzQTM3Ljk5OTAwMCUyQjAwJTNBMDAvMTA0OTg4XzEuanBn.jpg;Цена со скидкой за 1 шт.279,99 ₽;Цена без скидки за 1 шт.347,39 ₽
https://sbermarket.ru/lenta/c/priedlozhieniia;;https://sbermarket.ru/lenta/razryhlitel-testa-lenta-10-g-092065d?sid=57;Разрыхлитель теста Лента 10 г;https://imgproxy.sbermarket.ru/imgproxy/size-220-220/czM6Ly9jb250ZW50LWltYWdlcy1wcm9kL3Byb2R1Y3RzLzE5OTI4MC9vcmlnaW5hbC8xLzIwMjMtMDgtMjJUMDclM0E0NCUzQTE5LjU5NDcyMCUyQjAwJTNBMDAvMTk5MjgwXzEuanBn.jpg;https://imgproxy.sbermarket.ru/imgproxy/size-220-220-2x/czM6Ly9jb250ZW50LWltYWdlcy1wcm9kL3Byb2R1Y3RzLzE5OTI4MC9vcmlnaW5hbC8xLzIwMjMtMDgtMjJUMDclM0E0NCUzQTE5LjU5NDcyMCUyQjAwJTNBMDAvMTk5MjgwXzEuanBn.jpg;Цена со скидкой за 1 шт.4,99 ₽;Цена без скидки за 1 шт.6,39 ₽
https://sbermarket.ru/lenta/c/priedlozhieniia;;https://sbermarket.ru/lenta/pechen-govyazh-ya-lenta-zamorozhennaya-f77e82a?sid=57;Печень говяжья Лента замороженная;https://imgproxy.sbermarket.ru/imgproxy/size-220-220/czM6Ly9jb250ZW50LWltYWdlcy1wcm9kL3Byb2R1Y3RzLzE2MTkxNDc1L29yaWdpbmFsLzEvMjAyMi0wOC0yM1QyMiUzQTQ0JTNBMzQuMjkzMDAwJTJCMDAlM0EwMC8xNjE5MTQ3NV8xLmpwZw==.jpg;https://imgproxy.sbermarket.ru/imgproxy/size-220-220-2x/czM6Ly9jb250ZW50LWltYWdlcy1wcm9kL3Byb2R1Y3RzLzE2MTkxNDc1L29yaWdpbmFsLzEvMjAyMi0wOC0yM1QyMiUzQTQ0JTNBMzQuMjkzMDAwJTJCMDAlM0EwMC8xNjE5MTQ3NV8xLmpwZw==.jpg;Цена со скидкой за 1 кг170,00 ₽;Цена без скидки за 1 кг184,25 ₽
https://sbermarket.ru/lenta/c/priedlozhieniia;;https://sbermarket.ru/lenta/kolbasa-vareno-kopchenaya-lenta-servelat-narezka-150-g-4845055?sid=57;Колбаса варено-копченая Лента Сервелат нарезка 150 г;https://imgproxy.sbermarket.ru/imgproxy/size-220-220/czM6Ly9jb250ZW50LWltYWdlcy1wcm9kL3Byb2R1Y3RzLzE5MDE3ODMzL29yaWdpbmFsLzEvMjAyMi0wOC0yM1QxNiUzQTU5JTNBMjcuMDYxMDAwJTJCMDAlM0EwMC8xOTAxNzgzM18xLmpwZw==.jpg;https://imgproxy.sbermarket.ru/imgproxy/size-220-220-2x/czM6Ly9jb250ZW50LWltYWdlcy1wcm9kL3Byb2R1Y3RzLzE5MDE3ODMzL29yaWdpbmFsLzEvMjAyMi0wOC0yM1QxNiUzQTU5JTNBMjcuMDYxMDAwJTJCMDAlM0EwMC8xOTAxNzgzM18xLmpwZw==.jpg;Цена со скидкой за 1 шт.109,99 ₽;Цена без скидки за 1 шт.136,89 ₽
https://sbermarket.ru/lenta/c/priedlozhieniia;;https://sbermarket.ru/lenta/pechenie-delisse-oreshek-s-varenoy-sguschenkoy-600-g-c0cd964?sid=57;Печенье Delisse Орешек с вареной сгущенкой 600 г;https://imgproxy.sbermarket.ru/imgproxy/size-220-220/czM6Ly9jb250ZW50LWltYWdlcy1wcm9kL3Byb2R1Y3RzLzIwMzI1NzUwL29yaWdpbmFsLzEvMjAyMi0wOC0yM1QwNCUzQTM4JTNBNDkuNzg2MDAwJTJCMDAlM0EwMC8yMDMyNTc1MF8xLmpwZw==.jpg;https://imgproxy.sbermarket.ru/imgproxy/size-220-220-2x/czM6Ly9jb250ZW50LWltYWdlcy1wcm9kL3Byb2R1Y3RzLzIwMzI1NzUwL29yaWdpbmFsLzEvMjAyMi0wOC0yM1QwNCUzQTM4JTNBNDkuNzg2MDAwJTJCMDAlM0EwMC8yMDMyNTc1MF8xLmpwZw==.jpg;Цена со скидкой за 1 шт.169,99 ₽;Цена без скидки за 1 шт.210,59 ₽
https://sbermarket.ru/lenta/c/priedlozhieniia;;https://sbermarket.ru/lenta/sok-lenta-granatovyy-pryamogo-otzhima-1-l-c00a9dc?sid=57;Сок Лента гранатовый прямого отжима 1 л;https://imgproxy.sbermarket.ru/imgproxy/size-220-220/czM6Ly9jb250ZW50LWltYWdlcy1wcm9kL3Byb2R1Y3RzLzc0MDEyL29yaWdpbmFsLzEvMjAyMi0wOC0yM1QxNyUzQTU2JTNBMzcuNDM3MDAwJTJCMDAlM0EwMC83NDAxMl8xLmpwZw==.jpg;https://imgproxy.sbermarket.ru/imgproxy/size-220-220-2x/czM6Ly9jb250ZW50LWltYWdlcy1wcm9kL3Byb2R1Y3RzLzc0MDEyL29yaWdpbmFsLzEvMjAyMi0wOC0yM1QxNyUzQTU2JTNBMzcuNDM3MDAwJTJCMDAlM0EwMC83NDAxMl8xLmpwZw==.jpg;Цена со скидкой за 1 шт.139,99 ₽;Цена без скидки за 1 шт.178,99 ₽
https://sbermarket.ru/lenta/c/priedlozhieniia;;https://sbermarket.ru/lenta/popkorn-lenta-karamel-s-kokosovoy-struzhkoy-bez-pal-movogo-masla-stakan-90-g-0b55157?sid=57;Попкорн Лента карамель с кокосовой стружкой без пальмового...;https://imgproxy.sbermarket.ru/imgproxy/size-220-220/czM6Ly9jb250ZW50LWltYWdlcy1wcm9kL3Byb2R1Y3RzLzE0MzQyNDkvb3JpZ2luYWwvMS8yMDIyLTA4LTIzVDEwJTNBMzYlM0EzNy42MTAwMDAlMkIwMCUzQTAwLzE0MzQyNDlfMS5qcGc=.jpg;https://imgproxy.sbermarket.ru/imgproxy/size-220-220-2x/czM6Ly9jb250ZW50LWltYWdlcy1wcm9kL3Byb2R1Y3RzLzE0MzQyNDkvb3JpZ2luYWwvMS8yMDIyLTA4LTIzVDEwJTNBMzYlM0EzNy42MTAwMDAlMkIwMCUzQTAwLzE0MzQyNDlfMS5qcGc=.jpg;Цена со скидкой за 1 шт.89,99 ₽;Цена без скидки за 1 шт.105,29 ₽
https://sbermarket.ru/lenta/c/priedlozhieniia;;https://sbermarket.ru/lenta/pampushki-lenta-s-chesnokom-350-g?sid=57;Пампушки Лента с чесноком ~350 г;https://imgproxy.sbermarket.ru/imgproxy/size-220-220/czM6Ly9jb250ZW50LWltYWdlcy1wcm9kL3Byb2R1Y3RzLzkzMjA5L29yaWdpbmFsLzEvMjAyMi0wOC0yMlQxOSUzQTA1JTNBMDUuMjY3MDAwJTJCMDAlM0EwMC85MzIwOV8xLmpwZw==.jpg;https://imgproxy.sbermarket.ru/imgproxy/size-220-220-2x/czM6Ly9jb250ZW50LWltYWdlcy1wcm9kL3Byb2R1Y3RzLzkzMjA5L29yaWdpbmFsLzEvMjAyMi0wOC0yMlQxOSUzQTA1JTNBMDUuMjY3MDAwJTJCMDAlM0EwMC85MzIwOV8xLmpwZw==.jpg;Цена со скидкой за 1 шт.92,75 ₽;Цена без скидки за 1 шт.110,53 ₽
https://sbermarket.ru/lenta/c/priedlozhieniia;;https://sbermarket.ru/lenta/klubnika-lenta-egipet-bystrozamorozhennaya-300-g-e68fb00?sid=57;Клубника Лента Египет быстрозамороженная 300 г;https://imgproxy.sbermarket.ru/imgproxy/size-220-220/czM6Ly9jb250ZW50LWltYWdlcy1wcm9kL3Byb2R1Y3RzLzE1ODczNzkwL29yaWdpbmFsLzEvMjAyMi0wOC0yM1QwMiUzQTMxJTNBNDQuMjUyMDAwJTJCMDAlM0EwMC8xNTg3Mzc5MF8xLmpwZw==.jpg;https://imgproxy.sbermarket.ru/imgproxy/size-220-220-2x/czM6Ly9jb250ZW50LWltYWdlcy1wcm9kL3Byb2R1Y3RzLzE1ODczNzkwL29yaWdpbmFsLzEvMjAyMi0wOC0yM1QwMiUzQTMxJTNBNDQuMjUyMDAwJTJCMDAlM0EwMC8xNTg3Mzc5MF8xLmpwZw==.jpg;Цена со скидкой за 1 шт.99,99 ₽;Цена без скидки за 1 шт.147,39 ₽
https://sbermarket.ru/lenta/c/prazdnik-dlya-lyubimikh-ba54b96;;https://sbermarket.ru/lenta/konfety-raffaello-150-g?sid=57;Конфеты Raffaello 150 г;https://imgproxy.sbermarket.ru/imgproxy/size-220-220/czM6Ly9jb250ZW50LWltYWdlcy1wcm9kL3Byb2R1Y3RzLzE1ODkwL29yaWdpbmFsLzEvMjAyNC0wMi0yMFQwNyUzQTQ3JTNBMzAuMjE1NDMyJTJCMDAlM0EwMC8xNTg5MF8xLmpwZw==.jpg;https://imgproxy.sbermarket.ru/imgproxy/size-220-220-2x/czM6Ly9jb250ZW50LWltYWdlcy1wcm9kL3Byb2R1Y3RzLzE1ODkwL29yaWdpbmFsLzEvMjAyNC0wMi0yMFQwNyUzQTQ3JTNBMzAuMjE1NDMyJTJCMDAlM0EwMC8xNTg5MF8xLmpwZw==.jpg;Цена со скидкой за 1 шт.279,99 ₽;Цена без скидки за 1 шт.389,49 ₽
https://sbermarket.ru/lenta/c/prazdnik-dlya-lyubimikh-ba54b96;;https://sbermarket.ru/lenta/konfety-shokoladnye-merci-assorti-250-g-37107a3?sid=57;Конфеты шоколадные Merci Ассорти 250 г;https://imgproxy.sbermarket.ru/imgproxy/size-220-220/czM6Ly9jb250ZW50LWltYWdlcy1wcm9kL3Byb2R1Y3RzLzIyOTkzMzA1L29yaWdpbmFsLzEvMjAyMy0xMS0yNFQxNSUzQTMwJTNBMjcuMTkxMTA2JTJCMDAlM0EwMC8yMjk5MzMwNV8xLmpwZw==.jpg;https://imgproxy.sbermarket.ru/imgproxy/size-220-220-2x/czM6Ly9jb250ZW50LWltYWdlcy1wcm9kL3Byb2R1Y3RzLzIyOTkzMzA1L29yaWdpbmFsLzEvMjAyMy0xMS0yNFQxNSUzQTMwJTNBMjcuMTkxMTA2JTJCMDAlM0EwMC8yMjk5MzMwNV8xLmpwZw==.jpg;Цена со скидкой за 1 шт.284,99 ₽;Цена без скидки за 1 шт.473,69 ₽
https://sbermarket.ru/lenta/c/prazdnik-dlya-lyubimikh-ba54b96;;https://sbermarket.ru/lenta/nabor-konfet-korkunov-assorti-iz-temnogo-i-molochnogo-shokolada-165-g-ea55073?sid=57;Набор конфет Коркунов Ассорти из темного и молочного...;https://imgproxy.sbermarket.ru/imgproxy/size-220-220/czM6Ly9jb250ZW50LWltYWdlcy1wcm9kL3Byb2R1Y3RzLzI0Nzg1MzI4L29yaWdpbmFsLzEvMjAyMy0xMS0yNFQxNSUzQTM4JTNBNDcuNDA5NjE3JTJCMDAlM0EwMC8yNDc4NTMyOF8xLmpwZw==.jpg;https://imgproxy.sbermarket.ru/imgproxy/size-220-220-2x/czM6Ly9jb250ZW50LWltYWdlcy1wcm9kL3Byb2R1Y3RzLzI0Nzg1MzI4L29yaWdpbmFsLzEvMjAyMy0xMS0yNFQxNSUzQTM4JTNBNDcuNDA5NjE3JTJCMDAlM0EwMC8yNDc4NTMyOF8xLmpwZw==.jpg;Цена со скидкой за 1 шт.249,99 ₽;Цена без скидки за 1 шт.631,59 ₽
https://sbermarket.ru/lenta/c/prazdnik-dlya-lyubimikh-ba54b96;;https://sbermarket.ru/lenta/iris-toffifee-santa-lesnoy-oreh-karamel-shokolad-125-g?sid=57;Ирис Toffifee Санта лесной орех-карамель-шоколад 125 г;https://imgproxy.sbermarket.ru/imgproxy/size-220-220/czM6Ly9jb250ZW50LWltYWdlcy1wcm9kL3Byb2R1Y3RzLzExNDY1MzQvb3JpZ2luYWwvMS8yMDIzLTExLTMwVDE4JTNBMzclM0E1NC45OTQ5MjIlMkIwMCUzQTAwLzExNDY1MzRfMS5qcGc=.jpg;https://imgproxy.sbermarket.ru/imgproxy/size-220-220-2x/czM6Ly9jb250ZW50LWltYWdlcy1wcm9kL3Byb2R1Y3RzLzExNDY1MzQvb3JpZ2luYWwvMS8yMDIzLTExLTMwVDE4JTNBMzclM0E1NC45OTQ5MjIlMkIwMCUzQTAwLzExNDY1MzRfMS5qcGc=.jpg;Цена со скидкой за 1 шт.149,99 ₽;Цена без скидки за 1 шт.263,96 ₽
https://sbermarket.ru/lenta/c/prazdnik-dlya-lyubimikh-ba54b96;;https://sbermarket.ru/lenta/konfety-kokosovye-raffaello-s-tsel-nym-mindal-nym-orehom-v-kokosovoy-obsypke-70-g?sid=57;Конфеты кокосовые Raffaello с цельным миндальным орехом в...;https://imgproxy.sbermarket.ru/imgproxy/size-220-220/czM6Ly9jb250ZW50LWltYWdlcy1wcm9kL3Byb2R1Y3RzLzE3NTUwODUxL29yaWdpbmFsLzEvMjAyMy0xMS0zMFQxOCUzQTQ4JTNBMTQuMDg5MzM3JTJCMDAlM0EwMC8xNzU1MDg1MV8xLmpwZw==.jpg;https://imgproxy.sbermarket.ru/imgproxy/size-220-220-2x/czM6Ly9jb250ZW50LWltYWdlcy1wcm9kL3Byb2R1Y3RzLzE3NTUwODUxL29yaWdpbmFsLzEvMjAyMy0xMS0zMFQxOCUzQTQ4JTNBMTQuMDg5MzM3JTJCMDAlM0EwMC8xNzU1MDg1MV8xLmpwZw==.jpg;Цена за 1 шт.199,49 ₽;
https://sbermarket.ru/lenta/c/prazdnik-dlya-lyubimikh-ba54b96;;https://sbermarket.ru/lenta/shokoladnye-konfety-merci-assorti-iz-molochnogo-shokolada-250-g-88ec754?sid=57;Шоколадные конфеты Merci Ассорти из молочного шоколада 250 г;https://imgproxy.sbermarket.ru/imgproxy/size-220-220/czM6Ly9jb250ZW50LWltYWdlcy1wcm9kL3Byb2R1Y3RzLzkzNTc5MS9vcmlnaW5hbC8xLzIwMjMtMTEtMzBUMTglM0E1NyUzQTE5Ljc4ODQ3NiUyQjAwJTNBMDAvOTM1NzkxXzEuanBn.jpg;https://imgproxy.sbermarket.ru/imgproxy/size-220-220-2x/czM6Ly9jb250ZW50LWltYWdlcy1wcm9kL3Byb2R1Y3RzLzkzNTc5MS9vcmlnaW5hbC8xLzIwMjMtMTEtMzBUMTglM0E1NyUzQTE5Ljc4ODQ3NiUyQjAwJTNBMDAvOTM1NzkxXzEuanBn.jpg;Цена со скидкой за 1 шт.284,99 ₽;Цена без скидки за 1 шт.473,69 ₽
https://sbermarket.ru/lenta/c/prazdnik-dlya-lyubimikh-ba54b96;;https://sbermarket.ru/lenta/konfety-shokoladnye-korkunov-assorti-iz-molochnogo-shokolada-165-g-1880560?sid=57;Конфеты шоколадные Коркунов Ассорти из молочного шоколада...;https://imgproxy.sbermarket.ru/imgproxy/size-220-220/czM6Ly9jb250ZW50LWltYWdlcy1wcm9kL3Byb2R1Y3RzLzI0ODc2NDkyL29yaWdpbmFsLzEvMjAyMy0xMS0yNFQxNSUzQTM5JTNBMTUuMTUyNzU1JTJCMDAlM0EwMC8yNDg3NjQ5Ml8xLmpwZw==.jpg;https://imgproxy.sbermarket.ru/imgproxy/size-220-220-2x/czM6Ly9jb250ZW50LWltYWdlcy1wcm9kL3Byb2R1Y3RzLzI0ODc2NDkyL29yaWdpbmFsLzEvMjAyMy0xMS0yNFQxNSUzQTM5JTNBMTUuMTUyNzU1JTJCMDAlM0EwMC8yNDg3NjQ5Ml8xLmpwZw==.jpg;Цена со скидкой за 1 шт.249,99 ₽;Цена без скидки за 1 шт.631,59 ₽
https://sbermarket.ru/lenta/c/prazdnik-dlya-lyubimikh-ba54b96;;https://sbermarket.ru/lenta/konfety-raffaello-s-tsel-nym-mindal-nym-orehom-v-kokosovoy-obsypke-100-g-686fba1?sid=57;Конфеты Raffaello с цельным миндальным орехом в кокосовой...;https://imgproxy.sbermarket.ru/imgproxy/size-220-220/czM6Ly9jb250ZW50LWltYWdlcy1wcm9kL3Byb2R1Y3RzLzI3MjA0L29yaWdpbmFsLzEvMjAyMy0xMS0yNFQxNiUzQTI3JTNBMjcuNTk3MzM1JTJCMDAlM0EwMC8yNzIwNF8xLmpwZw==.jpg;https://imgproxy.sbermarket.ru/imgproxy/size-220-220-2x/czM6Ly9jb250ZW50LWltYWdlcy1wcm9kL3Byb2R1Y3RzLzI3MjA0L29yaWdpbmFsLzEvMjAyMy0xMS0yNFQxNiUzQTI3JTNBMjcuNTk3MzM1JTJCMDAlM0EwMC8yNzIwNF8xLmpwZw==.jpg;Цена со скидкой за 1 шт.299,99 ₽;Цена без скидки за 1 шт.314,69 ₽
https://sbermarket.ru/lenta/c/prazdnik-dlya-lyubimikh-ba54b96;;https://sbermarket.ru/lenta/konfety-shokoladnye-merci-assorti-iz-temnogo-shokolada-250-g-c7b6e81?sid=57;Конфеты шоколадные Merci Ассорти из темного шоколада 250 г;https://imgproxy.sbermarket.ru/imgproxy/size-220-220/czM6Ly9jb250ZW50LWltYWdlcy1wcm9kL3Byb2R1Y3RzLzE1ODc3L29yaWdpbmFsLzEvMjAyMy0xMS0yNFQxNiUzQTI0JTNBMjcuNzE2NDM5JTJCMDAlM0EwMC8xNTg3N18xLmpwZw==.jpg;https://imgproxy.sbermarket.ru/imgproxy/size-220-220-2x/czM6Ly9jb250ZW50LWltYWdlcy1wcm9kL3Byb2R1Y3RzLzE1ODc3L29yaWdpbmFsLzEvMjAyMy0xMS0yNFQxNiUzQTI0JTNBMjcuNzE2NDM5JTJCMDAlM0EwMC8xNTg3N18xLmpwZw==.jpg;Цена со скидкой за 1 шт.279,99 ₽;Цена без скидки за 1 шт.473,69 ₽
https://sbermarket.ru/lenta/c/prazdnik-dlya-lyubimikh-ba54b96;;https://sbermarket.ru/lenta/shokolad-ritter-sport-molochnyy-lesnoy-oreh-100-g-ca51e9b?sid=57;Шоколад Ritter Sport молочный лесной орех 100 г;https://imgproxy.sbermarket.ru/imgproxy/size-220-220/czM6Ly9jb250ZW50LWltYWdlcy1wcm9kL3Byb2R1Y3RzLzk0NTQxL29yaWdpbmFsLzEvMjAyNC0wMi0yMFQwNyUzQTQ3JTNBNDcuNzQ5NDY4JTJCMDAlM0EwMC85NDU0MV8xLmpwZw==.jpg;https://imgproxy.sbermarket.ru/imgproxy/size-220-220-2x/czM6Ly9jb250ZW50LWltYWdlcy1wcm9kL3Byb2R1Y3RzLzk0NTQxL29yaWdpbmFsLzEvMjAyNC0wMi0yMFQwNyUzQTQ3JTNBNDcuNzQ5NDY4JTJCMDAlM0EwMC85NDU0MV8xLmpwZw==.jpg;Цена со скидкой за 1 шт.99,99 ₽;Цена без скидки за 1 шт.178,99 ₽
https://sbermarket.ru/lenta/c/prazdnik-dlya-lyubimikh-ba54b96;;https://sbermarket.ru/lenta/shokolad-ritter-sport-tsel-nyy-lesnoy-oreh-molochnyy-100-g?sid=57;Шоколад Ritter Sport Цельный лесной орех молочный 100 г;https://imgproxy.sbermarket.ru/imgproxy/size-220-220/czM6Ly9jb250ZW50LWltYWdlcy1wcm9kL3Byb2R1Y3RzLzI0MjczMzM5L29yaWdpbmFsLzEvMjAyNC0wMi0yMFQwNyUzQTQ5JTNBNDQuMDExODQ3JTJCMDAlM0EwMC8yNDI3MzMzOV8xLmpwZw==.jpg;https://imgproxy.sbermarket.ru/imgproxy/size-220-220-2x/czM6Ly9jb250ZW50LWltYWdlcy1wcm9kL3Byb2R1Y3RzLzI0MjczMzM5L29yaWdpbmFsLzEvMjAyNC0wMi0yMFQwNyUzQTQ5JTNBNDQuMDExODQ3JTJCMDAlM0EwMC8yNDI3MzMzOV8xLmpwZw==.jpg;Цена со скидкой за 1 шт.109,99 ₽;Цена без скидки за 1 шт.199,99 ₽
https://sbermarket.ru/lenta/c/prazdnik-dlya-lyubimikh-ba54b96;;https://sbermarket.ru/lenta/shokolad-ritter-sport-rom-izyum-oreh-molochnyy-100-g?sid=57;Шоколад Ritter Sport Ром, изюм, орех молочный 100 г;https://imgproxy.sbermarket.ru/imgproxy/size-220-220/czM6Ly9jb250ZW50LWltYWdlcy1wcm9kL3Byb2R1Y3RzLzE1Mjk2MjY3L29yaWdpbmFsLzEvMjAyNC0wMi0yMFQwNyUzQTQ4JTNBNDIuODA4NTkzJTJCMDAlM0EwMC8xNTI5NjI2N18xLmpwZw==.jpg;https://imgproxy.sbermarket.ru/imgproxy/size-220-220-2x/czM6Ly9jb250ZW50LWltYWdlcy1wcm9kL3Byb2R1Y3RzLzE1Mjk2MjY3L29yaWdpbmFsLzEvMjAyNC0wMi0yMFQwNyUzQTQ4JTNBNDIuODA4NTkzJTJCMDAlM0EwMC8xNTI5NjI2N18xLmpwZw==.jpg;Цена со скидкой за 1 шт.99,99 ₽;Цена без скидки за 1 шт.178,99 ₽
https://sbermarket.ru/lenta/c/prazdnik-dlya-lyubimikh-ba54b96;;https://sbermarket.ru/lenta/shokolad-ritter-sport-temnyy-s-martsipanovoy-nachinkoy-100-g-88ecdc3?sid=57;Шоколад Ritter Sport темный с марципановой начинкой 100 г;https://imgproxy.sbermarket.ru/imgproxy/size-220-220/czM6Ly9jb250ZW50LWltYWdlcy1wcm9kL3Byb2R1Y3RzLzE4OTMzMjYzL29yaWdpbmFsLzEvMjAyNC0wMi0yMFQwNyUzQTQ5JTNBMDYuNTU5ODQ0JTJCMDAlM0EwMC8xODkzMzI2M18xLmpwZw==.jpg;https://imgproxy.sbermarket.ru/imgproxy/size-220-220-2x/czM6Ly9jb250ZW50LWltYWdlcy1wcm9kL3Byb2R1Y3RzLzE4OTMzMjYzL29yaWdpbmFsLzEvMjAyNC0wMi0yMFQwNyUzQTQ5JTNBMDYuNTU5ODQ0JTJCMDAlM0EwMC8xODkzMzI2M18xLmpwZw==.jpg;Цена со скидкой за 1 шт.99,99 ₽;Цена без скидки за 1 шт.178,99 ₽
https://sbermarket.ru/lenta/c/prazdnik-dlya-lyubimikh-ba54b96;;https://sbermarket.ru/lenta/shokolad-ritter-sport-al-piyskoe-moloko-molochnyy-100-g-dd145cd?sid=57;Шоколад Ritter Sport Альпийское молоко молочный 100 г;https://imgproxy.sbermarket.ru/imgproxy/size-220-220/czM6Ly9jb250ZW50LWltYWdlcy1wcm9kL3Byb2R1Y3RzLzE4OTM0MTM3L29yaWdpbmFsLzEvMjAyMy0xMS0yOFQxNyUzQTQ1JTNBNDQuMjEyMTk4JTJCMDAlM0EwMC8xODkzNDEzN18xLmpwZw==.jpg;https://imgproxy.sbermarket.ru/imgproxy/size-220-220-2x/czM6Ly9jb250ZW50LWltYWdlcy1wcm9kL3Byb2R1Y3RzLzE4OTM0MTM3L29yaWdpbmFsLzEvMjAyMy0xMS0yOFQxNyUzQTQ1JTNBNDQuMjEyMTk4JTJCMDAlM0EwMC8xODkzNDEzN18xLmpwZw==.jpg;Цена со скидкой за 1 шт.99,99 ₽;Цена без скидки за 1 шт.178,99 ₽
https://sbermarket.ru/lenta/c/prazdnik-dlya-lyubimikh-ba54b96;;https://sbermarket.ru/lenta/shokolad-ritter-sport-karamel-nyy-muss-s-mindalem-molochnyy-100-g?sid=57;Шоколад Ritter Sport Карамельный мусс с миндалем молочный...;https://imgproxy.sbermarket.ru/imgproxy/size-220-220/czM6Ly9jb250ZW50LWltYWdlcy1wcm9kL3Byb2R1Y3RzLzEzOTA2ODEvb3JpZ2luYWwvMS8yMDI0LTAyLTIwVDA3JTNBNDglM0EyNy40NDA5MjclMkIwMCUzQTAwLzEzOTA2ODFfMS5qcGc=.jpg;https://imgproxy.sbermarket.ru/imgproxy/size-220-220-2x/czM6Ly9jb250ZW50LWltYWdlcy1wcm9kL3Byb2R1Y3RzLzEzOTA2ODEvb3JpZ2luYWwvMS8yMDI0LTAyLTIwVDA3JTNBNDglM0EyNy40NDA5MjclMkIwMCUzQTAwLzEzOTA2ODFfMS5qcGc=.jpg;Цена со скидкой за 1 шт.99,99 ₽;Цена без скидки за 1 шт.178,99 ₽
https://sbermarket.ru/lenta/c/prazdnik-dlya-lyubimikh-ba54b96;;https://sbermarket.ru/lenta/shokolad-ritter-sport-temnyy-s-mindalem-i-apel-sinom-100-g-707b16a?sid=57;Шоколад Ritter Sport темный с миндалем и апельсином 100 г;https://imgproxy.sbermarket.ru/imgproxy/size-220-220/czM6Ly9jb250ZW50LWltYWdlcy1wcm9kL3Byb2R1Y3RzLzE0ODMzOTgvb3JpZ2luYWwvMS8yMDI0LTAyLTIwVDA3JTNBNDglM0EzMC4xMTI3MjglMkIwMCUzQTAwLzE0ODMzOThfMS5qcGc=.jpg;https://imgproxy.sbermarket.ru/imgproxy/size-220-220-2x/czM6Ly9jb250ZW50LWltYWdlcy1wcm9kL3Byb2R1Y3RzLzE0ODMzOTgvb3JpZ2luYWwvMS8yMDI0LTAyLTIwVDA3JTNBNDglM0EzMC4xMTI3MjglMkIwMCUzQTAwLzE0ODMzOThfMS5qcGc=.jpg;Цена со скидкой за 1 шт.99,99 ₽;Цена без скидки за 1 шт.178,99 ₽
https://sbermarket.ru/lenta/c/prazdnik-dlya-lyubimikh-ba54b96;;https://sbermarket.ru/lenta/shokolad-ritter-sport-tsel-nyy-lesnoy-oreh-temnyy-100-g?sid=57;Шоколад Ritter Sport Цельный лесной орех темный 100 г;https://imgproxy.sbermarket.ru/imgproxy/size-220-220/czM6Ly9jb250ZW50LWltYWdlcy1wcm9kL3Byb2R1Y3RzLzYwMjkyL29yaWdpbmFsLzEvMjAyNC0wMi0yMFQwNyUzQTQ3JTNBNDIuNjY3NTE1JTJCMDAlM0EwMC82MDI5Ml8xLmpwZw==.jpg;https://imgproxy.sbermarket.ru/imgproxy/size-220-220-2x/czM6Ly9jb250ZW50LWltYWdlcy1wcm9kL3Byb2R1Y3RzLzYwMjkyL29yaWdpbmFsLzEvMjAyNC0wMi0yMFQwNyUzQTQ3JTNBNDIuNjY3NTE1JTJCMDAlM0EwMC82MDI5Ml8xLmpwZw==.jpg;Цена со скидкой за 1 шт.109,99 ₽;Цена без скидки за 1 шт.199,99 ₽
https://sbermarket.ru/lenta/c/prazdnik-dlya-lyubimikh-ba54b96;;https://sbermarket.ru/lenta/shokolad-ritter-sport-kokos-molochnyy-100-g?sid=57;Шоколад Ritter Sport Кокос молочный 100 г;https://imgproxy.sbermarket.ru/imgproxy/size-220-220/czM6Ly9jb250ZW50LWltYWdlcy1wcm9kL3Byb2R1Y3RzLzI1ODM2MC9vcmlnaW5hbC8xLzIwMjQtMDItMjBUMDclM0E0OCUzQTA2LjQwMTkxMiUyQjAwJTNBMDAvMjU4MzYwXzEuanBn.jpg;https://imgproxy.sbermarket.ru/imgproxy/size-220-220-2x/czM6Ly9jb250ZW50LWltYWdlcy1wcm9kL3Byb2R1Y3RzLzI1ODM2MC9vcmlnaW5hbC8xLzIwMjQtMDItMjBUMDclM0E0OCUzQTA2LjQwMTkxMiUyQjAwJTNBMDAvMjU4MzYwXzEuanBn.jpg;Цена со скидкой за 1 шт.99,99 ₽;Цена без скидки за 1 шт.178,99 ₽
https://sbermarket.ru/lenta/c/prazdnik-dlya-lyubimikh-ba54b96;;https://sbermarket.ru/lenta/shokolad-ritter-sport-vaflya-i-kakao-muss-molochnyy-100-g-f3fda17?sid=57;Шоколад Ritter Sport Вафля и какао-мусс молочный 100 г;https://imgproxy.sbermarket.ru/imgproxy/size-220-220/czM6Ly9jb250ZW50LWltYWdlcy1wcm9kL3Byb2R1Y3RzLzIwNTgzMjYxL29yaWdpbmFsLzEvMjAyNC0wMi0yMFQwNyUzQTQ5JTNBMjAuODI4Mzc0JTJCMDAlM0EwMC8yMDU4MzI2MV8xLmpwZw==.jpg;https://imgproxy.sbermarket.ru/imgproxy/size-220-220-2x/czM6Ly9jb250ZW50LWltYWdlcy1wcm9kL3Byb2R1Y3RzLzIwNTgzMjYxL29yaWdpbmFsLzEvMjAyNC0wMi0yMFQwNyUzQTQ5JTNBMjAuODI4Mzc0JTJCMDAlM0EwMC8yMDU4MzI2MV8xLmpwZw==.jpg;Цена со скидкой за 1 шт.119,99 ₽;Цена без скидки за 1 шт.178,99 ₽
https://sbermarket.ru/lenta/c/prazdnik-dlya-lyubimikh-ba54b96;;https://sbermarket.ru/lenta/pirozhnoe-fili-beyker-ekler-250-g-f43aee5?sid=57;Пирожное Фили-Бейкер Эклер 250 г;https://imgproxy.sbermarket.ru/imgproxy/size-220-220/czM6Ly9jb250ZW50LWltYWdlcy1wcm9kL3Byb2R1Y3RzLzE1Njc4L29yaWdpbmFsLzEvMjAyMy0xMS0yNFQxNiUzQTI0JTNBMTguNjAxNDYxJTJCMDAlM0EwMC8xNTY3OF8xLmpwZw==.jpg;https://imgproxy.sbermarket.ru/imgproxy/size-220-220-2x/czM6Ly9jb250ZW50LWltYWdlcy1wcm9kL3Byb2R1Y3RzLzE1Njc4L29yaWdpbmFsLzEvMjAyMy0xMS0yNFQxNiUzQTI0JTNBMTguNjAxNDYxJTJCMDAlM0EwMC8xNTY3OF8xLmpwZw==.jpg;Цена за 1 шт.210,59 ₽;
https://sbermarket.ru/lenta/c/prazdnik-dlya-lyubimikh-ba54b96;;https://sbermarket.ru/lenta/tort-fili-beyker-pancho-1-kg-7ca71ca?sid=57;Торт Фили-Бейкер Панчо 1 кг;https://imgproxy.sbermarket.ru/imgproxy/size-220-220/czM6Ly9jb250ZW50LWltYWdlcy1wcm9kL3Byb2R1Y3RzLzE1MjkwODg0L29yaWdpbmFsLzEvMjAyMy0xMS0zMFQxOCUzQTQzJTNBMjAuODU5NzQwJTJCMDAlM0EwMC8xNTI5MDg4NF8xLmpwZw==.jpg;https://imgproxy.sbermarket.ru/imgproxy/size-220-220-2x/czM6Ly9jb250ZW50LWltYWdlcy1wcm9kL3Byb2R1Y3RzLzE1MjkwODg0L29yaWdpbmFsLzEvMjAyMy0xMS0zMFQxOCUzQTQzJTNBMjAuODU5NzQwJTJCMDAlM0EwMC8xNTI5MDg4NF8xLmpwZw==.jpg;Цена за 1 шт.789,49 ₽;
https://sbermarket.ru/lenta/c/prazdnik-dlya-lyubimikh-ba54b96;;https://sbermarket.ru/lenta/pirozhnye-fili-beyker-zavarnye-kol-tsa-300-g-4a2d321?sid=57;Пирожные Фили-Бейкер Заварные Кольца 300 г;https://imgproxy.sbermarket.ru/imgproxy/size-220-220/czM6Ly9jb250ZW50LWltYWdlcy1wcm9kL3Byb2R1Y3RzLzE2NzE4MTY2L29yaWdpbmFsLzEvMjAyMy0xMS0zMFQxOCUzQTUwJTNBMDYuMjc3NDU4JTJCMDAlM0EwMC8xNjcxODE2Nl8xLmpwZw==.jpg;https://imgproxy.sbermarket.ru/imgproxy/size-220-220-2x/czM6Ly9jb250ZW50LWltYWdlcy1wcm9kL3Byb2R1Y3RzLzE2NzE4MTY2L29yaWdpbmFsLzEvMjAyMy0xMS0zMFQxOCUzQTUwJTNBMDYuMjc3NDU4JTJCMDAlM0EwMC8xNjcxODE2Nl8xLmpwZw==.jpg;Цена за 1 шт.252,69 ₽;
https://sbermarket.ru/lenta/c/prazdnik-dlya-lyubimikh-ba54b96;;https://sbermarket.ru/lenta/tort-mirel-karamel-nyy-na-sguschenke-700-g-cea5878?sid=57;Торт Mirel Карамельный на сгущенке 700 г;https://imgproxy.sbermarket.ru/imgproxy/size-220-220/czM6Ly9jb250ZW50LWltYWdlcy1wcm9kL3Byb2R1Y3RzLzE1Nzc0NDE0L29yaWdpbmFsLzEvMjAyMi0xMC0xOFQxMSUzQTM4JTNBMjEuODk2MDAwJTJCMDAlM0EwMC8xNTc3NDQxNF8xLmpwZw==.jpg;https://imgproxy.sbermarket.ru/imgproxy/size-220-220-2x/czM6Ly9jb250ZW50LWltYWdlcy1wcm9kL3Byb2R1Y3RzLzE1Nzc0NDE0L29yaWdpbmFsLzEvMjAyMi0xMC0xOFQxMSUzQTM4JTNBMjEuODk2MDAwJTJCMDAlM0EwMC8xNTc3NDQxNF8xLmpwZw==.jpg;Цена за 1 шт.505,29 ₽;
https://sbermarket.ru/lenta/c/prazdnik-dlya-lyubimikh-ba54b96;;https://sbermarket.ru/lenta/tort-cheremushki-charodeyka-650-g?sid=57;Торт Черемушки Чародейка 650 г;https://imgproxy.sbermarket.ru/imgproxy/size-220-220/czM6Ly9jb250ZW50LWltYWdlcy1wcm9kL3Byb2R1Y3RzLzE1MjkwODc4L29yaWdpbmFsLzEvMjAyMy0xMS0zMFQxOCUzQTQzJTNBMjAuNjc5MjM2JTJCMDAlM0EwMC8xNTI5MDg3OF8xLmpwZw==.jpg;https://imgproxy.sbermarket.ru/imgproxy/size-220-220-2x/czM6Ly9jb250ZW50LWltYWdlcy1wcm9kL3Byb2R1Y3RzLzE1MjkwODc4L29yaWdpbmFsLzEvMjAyMy0xMS0zMFQxOCUzQTQzJTNBMjAuNjc5MjM2JTJCMDAlM0EwMC8xNTI5MDg3OF8xLmpwZw==.jpg;Цена со скидкой за 1 шт.344,99 ₽;Цена без скидки за 1 шт.478,49 ₽
https://sbermarket.ru/lenta/c/prazdnik-dlya-lyubimikh-ba54b96;;https://sbermarket.ru/lenta/pirozhnye-cheremushki-kartoshka-60-g-h-5-sht-3821732?sid=57;Пирожные Черемушки Картошка 60 г х 5 шт;https://imgproxy.sbermarket.ru/imgproxy/size-220-220/czM6Ly9jb250ZW50LWltYWdlcy1wcm9kL3Byb2R1Y3RzLzMwNjg5L29yaWdpbmFsLzEvMjAyMy0xMS0yNFQxNiUzQTI5JTNBMjguMTk1MDYwJTJCMDAlM0EwMC8zMDY4OV8xLmpwZw==.jpg;https://imgproxy.sbermarket.ru/imgproxy/size-220-220-2x/czM6Ly9jb250ZW50LWltYWdlcy1wcm9kL3Byb2R1Y3RzLzMwNjg5L29yaWdpbmFsLzEvMjAyMy0xMS0yNFQxNiUzQTI5JTNBMjguMTk1MDYwJTJCMDAlM0EwMC8zMDY4OV8xLmpwZw==.jpg;Цена за 1 шт.351,59 ₽;
https://sbermarket.ru/lenta/c/prazdnik-dlya-lyubimikh-ba54b96;;https://sbermarket.ru/lenta/pirozhnoe-mirel-profitroli-s-plombirnym-kremom-180-g-93fcecd?sid=57;Пирожное Mirel Профитроли с пломбирным кремом 180 г;https://imgproxy.sbermarket.ru/imgproxy/size-220-220/czM6Ly9jb250ZW50LWltYWdlcy1wcm9kL3Byb2R1Y3RzLzQyMDM2L29yaWdpbmFsLzEvMjAyMy0xMS0yNFQxNiUzQTMxJTNBNTkuOTE2MTEyJTJCMDAlM0EwMC80MjAzNl8xLmpwZw==.jpg;https://imgproxy.sbermarket.ru/imgproxy/size-220-220-2x/czM6Ly9jb250ZW50LWltYWdlcy1wcm9kL3Byb2R1Y3RzLzQyMDM2L29yaWdpbmFsLzEvMjAyMy0xMS0yNFQxNiUzQTMxJTNBNTkuOTE2MTEyJTJCMDAlM0EwMC80MjAzNl8xLmpwZw==.jpg;Цена за 1 шт.199,99 ₽;
https://sbermarket.ru/lenta/c/prazdnik-dlya-lyubimikh-ba54b96;;https://sbermarket.ru/lenta/tort-fili-beyker-plombir-klassik-720-g-dc9b90e?sid=57;Торт Фили-Бейкер пломбир классик 720 г;https://imgproxy.sbermarket.ru/imgproxy/size-220-220/czM6Ly9jb250ZW50LWltYWdlcy1wcm9kL3Byb2R1Y3RzLzE2NzQ3NzA4L29yaWdpbmFsLzEvMjAyMi0wOC0yMlQyMiUzQTUwJTNBMjEuMTg0MDAwJTJCMDAlM0EwMC8xNjc0NzcwOF8xLmpwZw==.jpg;https://imgproxy.sbermarket.ru/imgproxy/size-220-220-2x/czM6Ly9jb250ZW50LWltYWdlcy1wcm9kL3Byb2R1Y3RzLzE2NzQ3NzA4L29yaWdpbmFsLzEvMjAyMi0wOC0yMlQyMiUzQTUwJTNBMjEuMTg0MDAwJTJCMDAlM0EwMC8xNjc0NzcwOF8xLmpwZw==.jpg;Цена за 1 шт.523,09 ₽;
https://sbermarket.ru/lenta/c/prazdnik-dlya-lyubimikh-ba54b96;;https://sbermarket.ru/lenta/tort-mirel-praga-660-g-2a56ac3?sid=57;Торт Mirel Прага 660 г;https://imgproxy.sbermarket.ru/imgproxy/size-220-220/czM6Ly9jb250ZW50LWltYWdlcy1wcm9kL3Byb2R1Y3RzLzE5NDE1MjA3L29yaWdpbmFsLzEvMjAyMy0xMS0yOFQxNyUzQTQ2JTNBMzEuMzg0NjEwJTJCMDAlM0EwMC8xOTQxNTIwN18xLmpwZw==.jpg;https://imgproxy.sbermarket.ru/imgproxy/size-220-220-2x/czM6Ly9jb250ZW50LWltYWdlcy1wcm9kL3Byb2R1Y3RzLzE5NDE1MjA3L29yaWdpbmFsLzEvMjAyMy0xMS0yOFQxNyUzQTQ2JTNBMzEuMzg0NjEwJTJCMDAlM0EwMC8xOTQxNTIwN18xLmpwZw==.jpg;Цена за 1 шт.499,99 ₽;
https://sbermarket.ru/lenta/c/vkusnij-keshbek-31c1917;;https://sbermarket.ru/lenta/krabovye-palochki-meridian-snezhnyy-krab-200-g-f992429?sid=57;Крабовые палочки Меридиан Снежный краб 200 г;https://imgproxy.sbermarket.ru/imgproxy/size-220-220/czM6Ly9jb250ZW50LWltYWdlcy1wcm9kL3Byb2R1Y3RzLzI0OTk4Mzk3L29yaWdpbmFsLzEvMjAyMy0wNy0wNlQxMCUzQTE3JTNBMTEuNDQxMzI1JTJCMDAlM0EwMC8yNDk5ODM5N18xLmpwZw==.jpg;https://imgproxy.sbermarket.ru/imgproxy/size-220-220-2x/czM6Ly9jb250ZW50LWltYWdlcy1wcm9kL3Byb2R1Y3RzLzI0OTk4Mzk3L29yaWdpbmFsLzEvMjAyMy0wNy0wNlQxMCUzQTE3JTNBMTEuNDQxMzI1JTJCMDAlM0EwMC8yNDk5ODM5N18xLmpwZw==.jpg;Цена со скидкой за 1 шт.119,99 ₽;Цена без скидки за 1 шт.186,99 ₽
https://sbermarket.ru/lenta/c/vkusnij-keshbek-31c1917;;https://sbermarket.ru/lenta/apel-siny-navel-19cca7a?sid=57;Апельсины Навел;https://imgproxy.sbermarket.ru/imgproxy/size-220-220/czM6Ly9jb250ZW50LWltYWdlcy1wcm9kL3Byb2R1Y3RzLzE4OTg3MzU1L29yaWdpbmFsLzEvMjAyNC0wMi0xMlQxMCUzQTMyJTNBMTAuMDY1MjI5JTJCMDAlM0EwMC8xODk4NzM1NV8xLmpwZw==.jpg;https://imgproxy.sbermarket.ru/imgproxy/size-220-220-2x/czM6Ly9jb250ZW50LWltYWdlcy1wcm9kL3Byb2R1Y3RzLzE4OTg3MzU1L29yaWdpbmFsLzEvMjAyNC0wMi0xMlQxMCUzQTMyJTNBMTAuMDY1MjI5JTJCMDAlM0EwMC8xODk4NzM1NV8xLmpwZw==.jpg;Цена со скидкой за 1 кг129,99 ₽;Цена без скидки за 1 кг157,89 ₽
https://sbermarket.ru/lenta/c/vkusnij-keshbek-31c1917;;https://sbermarket.ru/lenta/ragu-4-sezona-ovoschnoe-bystrozamorozhennoe-400-g-4d4baf9?sid=57;Рагу 4 Сезона овощное быстрозамороженное 400 г;https://imgproxy.sbermarket.ru/imgproxy/size-220-220/czM6Ly9jb250ZW50LWltYWdlcy1wcm9kL3Byb2R1Y3RzLzEwMTEzNC9vcmlnaW5hbC8xLzIwMjItMDgtMjNUMTUlM0E0NyUzQTE2LjUxODAwMCUyQjAwJTNBMDAvMTAxMTM0XzEuanBn.jpg;https://imgproxy.sbermarket.ru/imgproxy/size-220-220-2x/czM6Ly9jb250ZW50LWltYWdlcy1wcm9kL3Byb2R1Y3RzLzEwMTEzNC9vcmlnaW5hbC8xLzIwMjItMDgtMjNUMTUlM0E0NyUzQTE2LjUxODAwMCUyQjAwJTNBMDAvMTAxMTM0XzEuanBn.jpg;Цена со скидкой за 1 шт.99,99 ₽;Цена без скидки за 1 шт.151,99 ₽
https://sbermarket.ru/lenta/c/vkusnij-keshbek-31c1917;;https://sbermarket.ru/lenta/moloko-2-5-ul-trapasterizovannoe-1-l-ekoniva-bzmzh-8c7a1fd?sid=57;Молоко 2,5% ультрапастеризованное 1 л ЭкоНива БЗМЖ;https://imgproxy.sbermarket.ru/imgproxy/size-220-220/czM6Ly9jb250ZW50LWltYWdlcy1wcm9kL3Byb2R1Y3RzLzE3MTU3MDM4L29yaWdpbmFsLzEvMjAyMy0xMS0zMFQxOCUzQTUxJTNBNDUuNTk3MzE5JTJCMDAlM0EwMC8xNzE1NzAzOF8xLmpwZw==.jpg;https://imgproxy.sbermarket.ru/imgproxy/size-220-220-2x/czM6Ly9jb250ZW50LWltYWdlcy1wcm9kL3Byb2R1Y3RzLzE3MTU3MDM4L29yaWdpbmFsLzEvMjAyMy0xMS0zMFQxOCUzQTUxJTNBNDUuNTk3MzE5JTJCMDAlM0EwMC8xNzE1NzAzOF8xLmpwZw==.jpg;Цена со скидкой за 1 шт.74,99 ₽;Цена без скидки за 1 шт.94,79 ₽
https://sbermarket.ru/lenta/c/vkusnij-keshbek-31c1917;;https://sbermarket.ru/lenta/sosiski-cherkizovo-molochnye-po-cherkizovski-varenye-450-g-cf4f3e7?sid=57;Сосиски Черкизово Молочные по-черкизовски вареные 450 г;https://imgproxy.sbermarket.ru/imgproxy/size-220-220/czM6Ly9jb250ZW50LWltYWdlcy1wcm9kL3Byb2R1Y3RzLzI4Mzc2OS9vcmlnaW5hbC8xLzIwMjMtMTItMTFUMDklM0ExNyUzQTIxLjUwMTM5MCUyQjAwJTNBMDAvMjgzNzY5XzEuanBn.jpg;https://imgproxy.sbermarket.ru/imgproxy/size-220-220-2x/czM6Ly9jb250ZW50LWltYWdlcy1wcm9kL3Byb2R1Y3RzLzI4Mzc2OS9vcmlnaW5hbC8xLzIwMjMtMTItMTFUMDklM0ExNyUzQTIxLjUwMTM5MCUyQjAwJTNBMDAvMjgzNzY5XzEuanBn.jpg;Цена со скидкой за 1 шт.169,99 ₽;Цена без скидки за 1 шт.257,79 ₽
https://sbermarket.ru/lenta/c/vkusnij-keshbek-31c1917;;https://sbermarket.ru/lenta/gazirovannyy-napitok-chernogolovka-limonad-2-l-bc06476?sid=57;Газированный напиток Черноголовка лимонад 2 л;https://imgproxy.sbermarket.ru/imgproxy/size-220-220/czM6Ly9jb250ZW50LWltYWdlcy1wcm9kL3Byb2R1Y3RzLzY3OTI5L29yaWdpbmFsLzEvMjAyMy0xMS0yNFQxNiUzQTM0JTNBMDkuOTQzOTIxJTJCMDAlM0EwMC82NzkyOV8xLmpwZw==.jpg;https://imgproxy.sbermarket.ru/imgproxy/size-220-220-2x/czM6Ly9jb250ZW50LWltYWdlcy1wcm9kL3Byb2R1Y3RzLzY3OTI5L29yaWdpbmFsLzEvMjAyMy0xMS0yNFQxNiUzQTM0JTNBMDkuOTQzOTIxJTJCMDAlM0EwMC82NzkyOV8xLmpwZw==.jpg;Цена со скидкой за 1 шт.109,00 ₽;Цена без скидки за 1 шт.173,69 ₽
https://sbermarket.ru/lenta/c/vkusnij-keshbek-31c1917;;https://sbermarket.ru/lenta/kabachki-6bb3456?sid=57;Кабачки;https://imgproxy.sbermarket.ru/imgproxy/size-220-220/czM6Ly9jb250ZW50LWltYWdlcy1wcm9kL3Byb2R1Y3RzLzMwNjc4L29yaWdpbmFsLzEvMjAyMi0wOC0yMlQyMSUzQTI2JTNBNTkuMjY3MDAwJTJCMDAlM0EwMC8zMDY3OF8xLmpwZw==.jpg;https://imgproxy.sbermarket.ru/imgproxy/size-220-220-2x/czM6Ly9jb250ZW50LWltYWdlcy1wcm9kL3Byb2R1Y3RzLzMwNjc4L29yaWdpbmFsLzEvMjAyMi0wOC0yMlQyMSUzQTI2JTNBNTkuMjY3MDAwJTJCMDAlM0EwMC8zMDY3OF8xLmpwZw==.jpg;Цена со скидкой за 1 кг85,00 ₽;Цена без скидки за 1 кг100,00 ₽
https://sbermarket.ru/lenta/c/vkusnij-keshbek-31c1917;;https://sbermarket.ru/lenta/chay-chernyy-tess-sunrise-v-paketikah-1-8-g-h-100-sht-2aa8d9a?sid=57;Чай черный Tess Sunrise в пакетиках 1,8 г х 100 шт;https://imgproxy.sbermarket.ru/imgproxy/size-220-220/czM6Ly9jb250ZW50LWltYWdlcy1wcm9kL3Byb2R1Y3RzLzI3NjY1L29yaWdpbmFsLzEvMjAyMy0xMS0yNFQxNiUzQTI3JTNBNTAuODM5Mzk1JTJCMDAlM0EwMC8yNzY2NV8xLmpwZw==.jpg;https://imgproxy.sbermarket.ru/imgproxy/size-220-220-2x/czM6Ly9jb250ZW50LWltYWdlcy1wcm9kL3Byb2R1Y3RzLzI3NjY1L29yaWdpbmFsLzEvMjAyMy0xMS0yNFQxNiUzQTI3JTNBNTAuODM5Mzk1JTJCMDAlM0EwMC8yNzY2NV8xLmpwZw==.jpg;Цена со скидкой за 1 шт.214,99 ₽;Цена без скидки за 1 шт.419,89 ₽
https://sbermarket.ru/lenta/c/vkusnij-keshbek-31c1917;;https://sbermarket.ru/lenta/tvorog-rassypchatyy-ekoniva-5-bzmzh-300-g-c58d69f?sid=57;Творог рассыпчатый ЭкоНива 5% БЗМЖ 300 г;https://imgproxy.sbermarket.ru/imgproxy/size-220-220/czM6Ly9jb250ZW50LWltYWdlcy1wcm9kL3Byb2R1Y3RzLzIxNDY0ODg1L29yaWdpbmFsLzEvMjAyMy0xMS0yOFQxNyUzQTU4JTNBNDguMjIzMzc0JTJCMDAlM0EwMC8yMTQ2NDg4NV8xLmpwZw==.jpg;https://imgproxy.sbermarket.ru/imgproxy/size-220-220-2x/czM6Ly9jb250ZW50LWltYWdlcy1wcm9kL3Byb2R1Y3RzLzIxNDY0ODg1L29yaWdpbmFsLzEvMjAyMy0xMS0yOFQxNyUzQTU4JTNBNDguMjIzMzc0JTJCMDAlM0EwMC8yMTQ2NDg4NV8xLmpwZw==.jpg;Цена со скидкой за 1 шт.109,99 ₽;Цена без скидки за 1 шт.168,49 ₽
https://sbermarket.ru/lenta/c/vkusnij-keshbek-31c1917;;https://sbermarket.ru/lenta/testo-drozhzhevoe-dlya-pirozhkov-zamorozhennoe?sid=57;Тесто дрожжевое для пирожков замороженное;https://imgproxy.sbermarket.ru/imgproxy/size-220-220/czM6Ly9jb250ZW50LWltYWdlcy1wcm9kL3Byb2R1Y3RzLzM4MDY3Ni9vcmlnaW5hbC8xLzIwMjItMTAtMDRUMTIlM0E0NCUzQTAzLjI3ODAwMCUyQjAwJTNBMDAvMzgwNjc2XzEuanBn.jpg;https://imgproxy.sbermarket.ru/imgproxy/size-220-220-2x/czM6Ly9jb250ZW50LWltYWdlcy1wcm9kL3Byb2R1Y3RzLzM4MDY3Ni9vcmlnaW5hbC8xLzIwMjItMTAtMDRUMTIlM0E0NCUzQTAzLjI3ODAwMCUyQjAwJTNBMDAvMzgwNjc2XzEuanBn.jpg;Цена за 1 кг42,10 ₽;
https://sbermarket.ru/lenta/c/vkusnij-keshbek-31c1917;;https://sbermarket.ru/lenta/yogurt-chudo-desert-hrustyaschiy-shokoladnyy-soblazn-bzmzh-105-g-b72c222?sid=57;Йогурт Чудо Десерт Хрустящий шоколадный соблазн БЗМЖ 105 г;https://imgproxy.sbermarket.ru/imgproxy/size-220-220/czM6Ly9jb250ZW50LWltYWdlcy1wcm9kL3Byb2R1Y3RzLzE2NDgyMjc4L29yaWdpbmFsLzEvMjAyMy0xMS0zMFQxOCUzQTU2JTNBMTIuNjY5NjA3JTJCMDAlM0EwMC8xNjQ4MjI3OF8xLmpwZw==.jpg;https://imgproxy.sbermarket.ru/imgproxy/size-220-220-2x/czM6Ly9jb250ZW50LWltYWdlcy1wcm9kL3Byb2R1Y3RzLzE2NDgyMjc4L29yaWdpbmFsLzEvMjAyMy0xMS0zMFQxOCUzQTU2JTNBMTIuNjY5NjA3JTJCMDAlM0EwMC8xNjQ4MjI3OF8xLmpwZw==.jpg;Цена со скидкой за 1 шт.49,99 ₽;Цена без скидки за 1 шт.67,39 ₽
https://sbermarket.ru/lenta/c/vkusnij-keshbek-31c1917;;https://sbermarket.ru/lenta/kolbasa-syrokopchenaya-cherkizovo-premium-sal-chichon-polusuhaya-narezka-100-g-904fc3b?sid=57;Колбаса сырокопченая Черкизово Premium Сальчичон полусухая...;https://imgproxy.sbermarket.ru/imgproxy/size-220-220/czM6Ly9jb250ZW50LWltYWdlcy1wcm9kL3Byb2R1Y3RzLzIyNDU1L29yaWdpbmFsLzEvMjAyMy0xMS0yNFQxNiUzQTMwJTNBMjkuNTQzOTE4JTJCMDAlM0EwMC8yMjQ1NV8xLmpwZw==.jpg;https://imgproxy.sbermarket.ru/imgproxy/size-220-220-2x/czM6Ly9jb250ZW50LWltYWdlcy1wcm9kL3Byb2R1Y3RzLzIyNDU1L29yaWdpbmFsLzEvMjAyMy0xMS0yNFQxNiUzQTMwJTNBMjkuNTQzOTE4JTJCMDAlM0EwMC8yMjQ1NV8xLmpwZw==.jpg;Цена за 1 шт.131,59 ₽;
https://sbermarket.ru/lenta/c/vkusnij-keshbek-31c1917;;https://sbermarket.ru/lenta/syr-tvorozhnyy-valio-viola-slivochnyy-70-150-g-6c7aebe?sid=57;Сыр творожный Valio Viola сливочный 70% 150 г;https://imgproxy.sbermarket.ru/imgproxy/size-220-220/czM6Ly9jb250ZW50LWltYWdlcy1wcm9kL3Byb2R1Y3RzLzI3MDQxNy9vcmlnaW5hbC8xLzIwMjMtMTEtMzBUMTglM0E1MyUzQTA3LjQ1MjY5MiUyQjAwJTNBMDAvMjcwNDE3XzEuanBn.jpg;https://imgproxy.sbermarket.ru/imgproxy/size-220-220-2x/czM6Ly9jb250ZW50LWltYWdlcy1wcm9kL3Byb2R1Y3RzLzI3MDQxNy9vcmlnaW5hbC8xLzIwMjMtMTEtMzBUMTglM0E1MyUzQTA3LjQ1MjY5MiUyQjAwJTNBMDAvMjcwNDE3XzEuanBn.jpg;Цена со скидкой за 1 шт.109,99 ₽;Цена без скидки за 1 шт.131,59 ₽
https://sbermarket.ru/lenta/c/vkusnij-keshbek-31c1917;;https://sbermarket.ru/lenta/hlop-ya-ovsyanye-yasno-solnyshko-650-g-1c449a0?sid=57;Хлопья овсяные Ясно Солнышко 650 г;https://imgproxy.sbermarket.ru/imgproxy/size-220-220/czM6Ly9jb250ZW50LWltYWdlcy1wcm9kL3Byb2R1Y3RzLzkwMDE3My9vcmlnaW5hbC8xLzIwMjItMTAtMTdUMTIlM0E1MSUzQTA5LjQyMTYzOCUyQjAwJTNBMDAvOTAwMTczXzEuanBn.jpg;https://imgproxy.sbermarket.ru/imgproxy/size-220-220-2x/czM6Ly9jb250ZW50LWltYWdlcy1wcm9kL3Byb2R1Y3RzLzkwMDE3My9vcmlnaW5hbC8xLzIwMjItMTAtMTdUMTIlM0E1MSUzQTA5LjQyMTYzOCUyQjAwJTNBMDAvOTAwMTczXzEuanBn.jpg;Цена со скидкой за 1 шт.99,99 ₽;Цена без скидки за 1 шт.115,79 ₽
https://sbermarket.ru/lenta/c/vkusnij-keshbek-31c1917;;https://sbermarket.ru/lenta/tul-skiy-pryanik-s-nachinkoy-varenaya-sguschenka-140-g-357a609?sid=57;Тульский пряник с начинкой вареная сгущенка 140 г;https://imgproxy.sbermarket.ru/imgproxy/size-220-220/czM6Ly9jb250ZW50LWltYWdlcy1wcm9kL3Byb2R1Y3RzLzE2NjIxOTQ3L29yaWdpbmFsLzEvMjAyMy0xMS0zMFQxOCUzQTQ5JTNBMjIuMDg5NzU3JTJCMDAlM0EwMC8xNjYyMTk0N18xLmpwZw==.jpg;https://imgproxy.sbermarket.ru/imgproxy/size-220-220-2x/czM6Ly9jb250ZW50LWltYWdlcy1wcm9kL3Byb2R1Y3RzLzE2NjIxOTQ3L29yaWdpbmFsLzEvMjAyMy0xMS0zMFQxOCUzQTQ5JTNBMjIuMDg5NzU3JTJCMDAlM0EwMC8xNjYyMTk0N18xLmpwZw==.jpg;Цена со скидкой за 1 шт.49,99 ₽;Цена без скидки за 1 шт.83,19 ₽
https://sbermarket.ru/lenta/c/vkusnij-keshbek-31c1917;;https://sbermarket.ru/lenta/moloko-3-5-ul-trapasterizovannoe-1-l-parmalat-bzmzh-70f79c0?sid=57;Молоко 3,5% ультрапастеризованное 1 л Parmalat БЗМЖ;https://imgproxy.sbermarket.ru/imgproxy/size-220-220/czM6Ly9jb250ZW50LWltYWdlcy1wcm9kL3Byb2R1Y3RzLzE5NjUyNzMwL29yaWdpbmFsLzEvMjAyMy0xMS0yOFQxNyUzQTUwJTNBNTMuMTE2ODM5JTJCMDAlM0EwMC8xOTY1MjczMF8xLmpwZw==.jpg;https://imgproxy.sbermarket.ru/imgproxy/size-220-220-2x/czM6Ly9jb250ZW50LWltYWdlcy1wcm9kL3Byb2R1Y3RzLzE5NjUyNzMwL29yaWdpbmFsLzEvMjAyMy0xMS0yOFQxNyUzQTUwJTNBNTMuMTE2ODM5JTJCMDAlM0EwMC8xOTY1MjczMF8xLmpwZw==.jpg;Цена со скидкой за 1 шт.123,20 ₽;Цена без скидки за 1 шт.136,89 ₽
https://sbermarket.ru/lenta/c/vkusnij-keshbek-31c1917;;https://sbermarket.ru/lenta/pechenie-konti-super-kontik-pesochnoe-shokoladnoe-25-g-h-4-sht-29bdb3c?sid=57;Печенье Кonti Супер Кontiк песочное шоколадное 25 г х 4 шт;https://imgproxy.sbermarket.ru/imgproxy/size-220-220/czM6Ly9jb250ZW50LWltYWdlcy1wcm9kL3Byb2R1Y3RzLzMwMzAxL29yaWdpbmFsLzEvMjAyMi0wOC0yM1QwMiUzQTM4JTNBMTkuOTQwMDAwJTJCMDAlM0EwMC8zMDMwMV8xLmpwZw==.jpg;https://imgproxy.sbermarket.ru/imgproxy/size-220-220-2x/czM6Ly9jb250ZW50LWltYWdlcy1wcm9kL3Byb2R1Y3RzLzMwMzAxL29yaWdpbmFsLzEvMjAyMi0wOC0yM1QwMiUzQTM4JTNBMTkuOTQwMDAwJTJCMDAlM0EwMC8zMDMwMV8xLmpwZw==.jpg;Цена со скидкой за 1 шт.39,89 ₽;Цена без скидки за 1 шт.56,89 ₽
https://sbermarket.ru/lenta/c/vkusnij-keshbek-31c1917;;https://sbermarket.ru/lenta/tvorozhok-prostokvashino-s-grushey-i-bananom-3-6-bzmzh-130-g-c2da281?sid=57;Творожок Простоквашино с грушей и бананом 3,6% БЗМЖ 130 г;https://imgproxy.sbermarket.ru/imgproxy/size-220-220/czM6Ly9jb250ZW50LWltYWdlcy1wcm9kL3Byb2R1Y3RzLzIzMjc4MzYyL29yaWdpbmFsLzEvMjAyNC0wMi0xNlQxNiUzQTQyJTNBNTAuOTEyMzQyJTJCMDAlM0EwMC8yMzI3ODM2Ml8xLmpwZw==.jpg;https://imgproxy.sbermarket.ru/imgproxy/size-220-220-2x/czM6Ly9jb250ZW50LWltYWdlcy1wcm9kL3Byb2R1Y3RzLzIzMjc4MzYyL29yaWdpbmFsLzEvMjAyNC0wMi0xNlQxNiUzQTQyJTNBNTAuOTEyMzQyJTJCMDAlM0EwMC8yMzI3ODM2Ml8xLmpwZw==.jpg;Цена за 1 шт.52,69 ₽;
https://sbermarket.ru/lenta/c/vkusnij-keshbek-31c1917;;https://sbermarket.ru/lenta/makaronnye-izdeliya-barilla-girandole-34-450-g-201fd8c?sid=57;Макаронные изделия Barilla Girandole № 34 450 г;https://imgproxy.sbermarket.ru/imgproxy/size-220-220/czM6Ly9jb250ZW50LWltYWdlcy1wcm9kL3Byb2R1Y3RzLzExMzQzMDgvb3JpZ2luYWwvMS8yMDIzLTExLTMwVDE4JTNBMzYlM0E1OS4zNDQwMDIlMkIwMCUzQTAwLzExMzQzMDhfMS5qcGc=.jpg;https://imgproxy.sbermarket.ru/imgproxy/size-220-220-2x/czM6Ly9jb250ZW50LWltYWdlcy1wcm9kL3Byb2R1Y3RzLzExMzQzMDgvb3JpZ2luYWwvMS8yMDIzLTExLTMwVDE4JTNBMzYlM0E1OS4zNDQwMDIlMkIwMCUzQTAwLzExMzQzMDhfMS5qcGc=.jpg;Цена за 1 шт.136,49 ₽;
